date,title,paragraph,year_month
2022-02-28,新增56例COVID-19確定病例，分別為9例本土及47例境外移入,"中央流行疫情指揮中心今(28)日公布國內新增56例COVID-19確定病例，分別為9例本土個案及47例境外移入(35例為航班落地採檢陽性)；另確診個案無新增死亡。
指揮中心表示，今日新增本土個案為3例男性、6例女性，年齡介於未滿5至60多歲；詳如新聞稿附件。
指揮中心說明，今日新增境外移入個案為27例男性、20例女性，年齡介於未滿5歲至70多歲，分別自美國(6例)、越南(3例)、德國、新加坡、印尼、加拿大、荷蘭、馬來西亞、香港及墨西哥(各1例)移入，另30例調查中。入境日介於今(2022)年2月12日至2月27日；詳如新聞稿附件。
指揮中心統計，截至目前國內累計6,307,048例新型冠狀病毒肺炎相關通報(含6,286,217例排除)，其中20,489例確診，分別為5,000例境外移入，15,435例本土病例，36例敦睦艦隊、3例航空器感染、1例不明及14例調查中；無新增空號病例，累計134例移除為空號。2020年起累計853例COVID-19死亡病例，其中839例本土，個案居住縣市分布為新北市413例、臺北市322例、基隆市29例、桃園市28例、彰化縣15例、新竹縣13例、臺中市5例、苗栗縣3例、宜蘭縣及花蓮縣各2例，新竹市、南投縣、雲林縣、臺南市、高雄市、屏東縣及臺東縣各1例；另14例為境外移入。
指揮中心再次呼籲，民眾應落實手部衛生、咳嗽禮節及佩戴口罩等個人防護措施，減少不必要移動、活動或集會，避免出入人多擁擠的場所，或高感染傳播風險場域，並主動積極配合各項防疫措施，共同嚴守社區防線。


",2022-02
2022-02-27,新增60例COVID-19確定病例，分別為16例本土及44例境外移入,"中央流行疫情指揮中心今(27)日公布國內新增60例COVID-19確定病例，分別為16例本土個案及44例境外移入(20例為航班落地採檢陽性)；另確診個案無新增死亡。
指揮中心表示，今日新增本土個案為9例男性、7例女性，年齡介於未滿5至70多歲；詳如新聞稿附件。
指揮中心說明，今日新增境外移入個案為25例男性、19例女性，年齡介於未滿5歲至70多歲，分別自美國(7例)、越南及澳大利亞(各3例)、馬來西亞及印尼(各2例)、香港、德國、新加坡、千里達及托巴哥、薩爾瓦多、加拿大、英國、阿根廷、瑞士、義大利及孟加拉(各1例)移入，另16例調查中。入境日介於今(2022)年2月12日至2月26日；詳如新聞稿附件。
指揮中心統計，截至目前國內累計6,294,108例新型冠狀病毒肺炎相關通報(含6,273,335例排除)，其中20,433例確診，分別為4,953例境外移入，15,426例本土病例，36例敦睦艦隊、3例航空器感染、1例不明及14例調查中；無新增空號病例，累計134例移除為空號。2020年起累計853例COVID-19死亡病例，其中839例本土，個案居住縣市分布為新北市413例、臺北市322例、基隆市29例、桃園市28例、彰化縣15例、新竹縣13例、臺中市5例、苗栗縣3例、宜蘭縣及花蓮縣各2例，新竹市、南投縣、雲林縣、臺南市、高雄市、屏東縣及臺東縣各1例；另14例為境外移入。
指揮中心再次呼籲，民眾應落實手部衛生、咳嗽禮節及佩戴口罩等個人防護措施，減少不必要移動、活動或集會，避免出入人多擁擠的場所，或高感染傳播風險場域，並主動積極配合各項防疫措施，共同嚴守社區防線。


",2022-02
2022-02-27,今(2022)年第三批採購Moderna疫苗122.46萬劑將於今(27)日晚間抵臺,"中央流行疫情指揮中心今(27)日表示，今年第三批採購Moderna疫苗122.46萬劑，將於今日晚間抵達桃園國際機場，完成通關程序後，直接運送至指定冷儲物流中心進行後續檢驗封緘作業，再提供COVID-19接種計畫所列實施對象接種。本批效期至2022年8月5日。
指揮中心說明，已於2021年7月22日與美國Moderna公司簽署2年共3,500萬劑COVID-19疫苗之供應合約，今年預定供應2,000萬劑疫苗，目前共有414.15萬劑到貨，分別為首批1月25日151.21萬劑、第二批2月15日140.48萬劑及本批122.46萬劑。

",2022-02
2022-02-26,新增69例COVID-19確定病例，分別為6例本土及63例境外移入,"中央流行疫情指揮中心今(26)日公布國內新增69例COVID-19確定病例，分別為6例本土個案及63例境外移入(40例為航班落地採檢陽性)；另確診個案無新增死亡。
指揮中心表示，今日新增本土個案為5例男性、1例女性，年齡介於未滿10至40多歲；詳如新聞稿附件。
指揮中心說明，今日新增境外移入個案為32例男性、31例女性，年齡介於未滿5歲至60多歲，分別自菲律賓(7例)、越南(6例)、美國(5例)、印尼(4例)、澳大利亞(3例)、泰國、香港、新加坡、加拿大及韓國(各2例)、馬來西亞、哈薩克、荷蘭、日本、俄羅斯及巴拉圭(各1例)移入，另22例調查中。入境日介於今(2022)年2月11日至2月25日；詳如新聞稿附件。
指揮中心統計，截至目前國內累計6,277,837例新型冠狀病毒肺炎相關通報(含6,257,088例排除)，其中20,373例確診，分別為4,909例境外移入，15,410例本土病例，36例敦睦艦隊、3例航空器感染、1例不明及14例調查中；無新增空號病例，累計134例移除為空號。2020年起累計853例COVID-19死亡病例，其中839例本土，個案居住縣市分布為新北市413例、臺北市322例、基隆市29例、桃園市28例、彰化縣15例、新竹縣13例、臺中市5例、苗栗縣3例、宜蘭縣及花蓮縣各2例，新竹市、南投縣、雲林縣、臺南市、高雄市、屏東縣及臺東縣各1例；另14例為境外移入。
指揮中心再次呼籲，民眾應落實手部衛生、咳嗽禮節及佩戴口罩等個人防護措施，減少不必要移動、活動或集會，避免出入人多擁擠的場所，或高感染傳播風險場域，並主動積極配合各項防疫措施，共同嚴守社區防線。

",2022-02
2022-02-25,高雄港將試辦進港船舶提供船員COVID-19 PCR或快篩報告，請必要登船人員務必提高防疫意識並落實健康監測,"中央流行疫情指揮中心今(25)日表示，高雄港從業人員COVID-19群聚事件已屆兩個月，在航港、衛生單位及高雄市政府的共同努力下，此次疫情已告一段落。鑒於高雄市政府建議進港船舶船員應進行COVID-19快篩，指揮中心評估後，同意先於高雄港試辦，同時授權高雄市政府與航港主責單位辦理。未來高雄港進港船舶皆須提供船員COVID-19核酸檢驗(PCR)或快篩報告，若有陽性者，嚴格要求不得與登船人員接觸，並持續落實登船及港區作業防疫規範。
指揮中心強調，國際商港為關鍵海運運輸國門，對於進港船舶及港區作業之管理，我國航港、衛生單位已建立各項監督管理機制，要求國際船舶進港前均應詳實申報；船舶靠泊期間，過境不入境船員不得任意下船；若有船員健康異常，均由衛生單位評估處置，且嚴格要求船上陽性船員不得與登船人員接觸。
指揮中心指出，將持續對海港高風險第一線人員每日健康監測及定期篩檢，同時再次呼籲從業人員應深植防疫觀念，於登船作業過程中落實各項防疫措施，包含穿戴個人防護裝備、登離船實名制、儘速完成疫苗接種(含追加劑)、配合定期健康監測，如出現疑似症狀，立即主動通報就醫再次採檢等，以兼顧防疫安全與海運經濟。

",2022-02
2022-02-25,提供尚未接種第1、2劑COVID-19疫苗民眾200元(含)以下衛教品措施延長至3月31日止，呼籲民眾儘速接種,"中央流行疫情指揮中心今( 25 )日表示，因應Omicron新型變異株仍具威脅，國內本土疫情尚未平息，仍有社區傳播風險，呼籲尚未接種第1、2劑COVID-19疫苗之長者及高風險族群，儘速完成COVID-19疫苗基礎劑接種，以獲得保護力。
指揮中心進一步說明，目前我國COVID-19疫苗接種率第1劑約82.8%，第2劑約76.6%，惟75歲以上長者第1劑接種率仍僅約75%，第2劑接種率僅約69%，亟需再積極提升。為維護長者及高風險族群健康，降低因感染COVID-19造成之重症、住院或死亡風險，長者及其他 COVID-19感染後容易產生嚴重併發症之族群，若尚未接種1、2劑，於其身體狀況較穩定時，請家屬協助陪同至各地方政府衛生局安排或指定之合約醫療院所，儘速完成COVID-19疫苗基礎劑接種。
指揮中心強調，疫苗接種後可能發生副作用，通常輕微，並於數天內消失，且隨年齡層增加而減少，若擔心接種疫苗後所產生之副作用，可先向醫師諮詢評估之後，選擇合適的疫苗接種。
指揮中心表示，為鼓勵18歲以上尚未接種1、2劑COVID-19疫苗儘速踴躍前往接種，延長地方政府提供200元(含)以下衛教品之措施，期限至今(2022)年3月31日止，請民眾踴躍儘速前往接種，以獲得保護力。民眾可透過「COVID-19疫苗防治一網通」( https://antiflu.cdc.gov.tw/Covid19 )或地方政府衛生局公告，查詢鄰近合約醫療院所提供施打之疫苗廠牌及接種時間，就近前往接種。18歲至未滿20歲民眾，如自行前往接種，請持家長簽具之意願同意書，若由家長陪同前往接種，請本人與家長於現場共同簽署意願同意書。
指揮中心提醒，依我國衛生福利部傳染病防治諮詢會預防接種組(ACIP)建議，接種COVID-19疫苗應與流感疫苗等其他疫苗間隔至少7天，亦請民眾前往接種COVID-19疫苗前，應備妥健保卡或其他可證明身分之證件。如為接種第2劑COVID-19疫苗者，請記得攜帶「COVID-19疫苗接種紀錄卡」，並於接種前評估時，說明過往疫苗接種史，以利醫生評估。
指揮中心進一步提醒，近期天氣多變，近期身體具狀況或慢性病情不穩定的民眾，請於身體狀況較穩定後就近前往接種。接種後亦請多加留意身體狀況，多喝水多休息，並請家人協助注意，如有持續發燒超過48小時、嚴重過敏反應如呼吸困難、氣喘、眩暈、心跳加速、全身紅疹等不適症狀，應儘速就醫釐清病因。


",2022-02
2022-02-25,新增68例COVID-19確定病例，分別為3例本土及65例境外移入,"中央流行疫情指揮中心今(25)日公布國內新增68例COVID-19確定病例，分別為3例本土個案及65例境外移入(21例為航班落地採檢陽性)；另確診個案中新增1例死亡。
指揮中心表示，今日新增本土個案為2例男性、1例女性，年齡介於30多歲至60多歲；詳如新聞稿附件。
指揮中心說明，今日新增境外移入個案為30例男性、33例女性、2例調查中，年齡介於未滿5歲至70多歲，分別自美國及印尼(各8例)、菲律賓(6例)、印度及越南(各4例)、香港(3例)、馬來西亞(2例)、加拿大、巴基斯坦、阿根廷、德國、馬爾他、衣索比亞、宏都拉斯、比利時、蒙古、法國、巴西、帛琉及英國(各1例)移入；另17例調查中。入境日介於今(2022)年1月13日至2月24日；詳如新聞稿附件。
指揮中心表示，今日新增1例死亡個案(案18815)，為60多歲本國籍男性，具慢性病史，為今年1月30日公布之菲律賓境外移入個案，1月28日入境時因身體不適直接送醫，個案具呼吸困難、咳嗽、全身倦怠等症狀，診斷為肺炎，同日採檢確診並安排住院隔離治療，未解除隔離，於2月23日死亡。
指揮中心統計，截至目前國內累計6,255,140例新型冠狀病毒肺炎相關通報(含6,234,508例排除)，其中20,304例確診，分別為4,846例境外移入，15,404例本土病例，36例敦睦艦隊、3例航空器感染、1例不明及14例調查中；無新增空號病例，累計134例移除為空號。2020年起累計853例COVID-19死亡病例，其中839例本土，個案居住縣市分布為新北市413例、臺北市322例、基隆市29例、桃園市28例、彰化縣15例、新竹縣13例、臺中市5例、苗栗縣3例、宜蘭縣及花蓮縣各2例，新竹市、南投縣、雲林縣、臺南市、高雄市、屏東縣及臺東縣各1例；另14例為境外移入。
指揮中心再次呼籲，民眾應落實手部衛生、咳嗽禮節及佩戴口罩等個人防護措施，減少不必要移動、活動或集會，避免出入人多擁擠的場所，或高感染傳播風險場域，並主動積極配合各項防疫措施，共同嚴守社區防線。


",2022-02
2022-02-24,自3月1日至3月31日適度放寬防疫措施，並調整相關規定，請民眾自主落實防疫措施，共同維護國內社區安全,"中央流行疫情指揮中心今(24)日表示，考量國內疫情目前已趨緩並且穩定控制，為兼顧與維持國內防疫量能、社會經濟活動及有效控管風險，經評估Omicron變異株特性、疫苗覆蓋率、醫療量能整備狀況，及國際防疫措施開放情形等，宣布今(2022)年3月1日至3月31日，將適度放寬防疫措施，相關規定調整如下：
一、放寬戴口罩規定，增加4種例外情形。除例外情形時得免戴口罩，外出應全程佩戴口罩：
(一)唱歌時，維持須戴口罩。
(二)下列場合得免戴口罩，但應隨身攜帶口罩，且如本身有相關症狀或與不特定對象無法保持社交距離時，仍應戴口罩：
1.於室內外從事運動時。
2.於室內外拍攝個人/團體照時。
3.自行開車，車內均為同住家人，或無同車者時。
4.直播、錄影、主持、報導、致詞、演講、講課等談話性質工作或活動之正式拍攝或進行時。
5.農林漁牧工作者於空曠處(如：田間、魚塭、山林)工作。
6.於山林(含森林遊樂區)、海濱活動。
7.於溫/冷泉、烤箱、水療設施、三溫暖、蒸氣室、水域活動等易使口罩潮濕之場合。
(三)外出時有飲食需求，得免戴口罩。
(四)於指揮中心或主管機關指定之場所或活動(如：藝文表演/劇組/電視主播等演出人員正式拍攝演出時、運動競賽之參賽選手及裁判於比賽期間等)，如符合指揮中心或主管機關之相關防疫措施，得暫時脫下口罩。
二、營業場所及公共場域(含交通運輸)應嚴格遵守：實聯制、量體溫、加強環境清消、員工健康管理、 確診事件即時應變。
三、賣場、超市、市場：依營業場所/公共場域防疫措施，不另要求人流管制；開放試吃。
四、高鐵、臺鐵、公路客運、船舶(固定餐飲區除外)、國內航班：於運具內（車廂、船舶、航空器）開放飲食。
五、餐飲場所：嚴格落實實聯制、量體溫、提供洗手設備及消毒用品；宴席開放逐桌敬酒敬茶。違反上述實聯制等措施者依法裁處並限期改善，未完成改善者，不得提供內用服務。
六、宗教場所、宗教集會活動：依內政部規定之防疫措施辦理。
指揮中心呼籲，防疫工作人人有責，請民眾自主落實防疫措施，維持個人衛生好習慣，戴口罩、勤洗手、保持社交距離；出入公共場域落實實聯制、體溫量測等，降低病毒傳播風險，保護自己也保護他人，共同維護國內社區安全。

",2022-02
2022-02-24,自3月7日零時起，確定病例之密切接觸者居家隔離天數縮短為10天,"中央流行疫情指揮中心今(24)日表示，自今(2022)年3月7日零時起，研判為確定病例之密切接觸者，居家隔離天數縮短為10天。
指揮中心說明，為與國際接軌並兼顧維持國內防疫量能、社會經濟活動及有效控管風險，經評估國內疫情狀況及參考國際防疫措施，調整密切接觸者相關措施如下：
一、 居家隔離天數為10天，以最後接觸日為第0天，開始計算居家隔離至滿10天(非以匡列日計算)，隔離期滿前檢驗陰性者，解除隔離，並自第11天起接續自主健康管理7天。
二、 隔離措施維持以「1人1室」為原則。但經指揮中心專案核定、地方政府報經指揮中心同意或經地方政府衛生單位評估家中環境不適合者(如：居家隔離者無法有獨立的房間及廁所、住家環境有受病毒汙染之虞且難以即時確實清消，可能有環境汙染造成疾病傳播之風險等)，可公費送集中檢疫所隔離。
三、 檢測措施：
(一) PCR檢測：
1. 接觸者經疫調匡列時。
2. 隔離期間出現相關症狀時。
3. 隔離期滿前(與確定病例最後接觸次日起算第10天)。
(二) 新增公費家用快篩試劑檢測(計2次)：
1. 與確定病例最後接觸次日起第5-7天。
2. 自主健康管理第6-7天。
3. 家用快篩試劑由各地方政府配發予居家隔離者。
指揮中心強調，隔離措施為阻絕病毒傳播重要方法，籲請民眾務必配合、遵守相關規範，共同維護社區安全。

",2022-02
2022-02-24,兼顧住宿式長照機構住民探視之需求，3月1日起調整全國住宿式長照機構訪客管理措施,"中央流行疫情指揮中心今(24)日表示，考量國內 COVID-19疫情維持穩定，為兼顧住宿式長照機構住民探視之需求，自本(2022)年3月1日起調整全國住宿式長照機構訪客管理措施，重點說明如下：
一、臺北市、新北市、桃園市及高雄市：維持現行管制措施，除例外情形暫停探視。例外情形經機構同意可探視者，應出具訪視前3天內採檢之自費篩檢陰性證明。
二、除臺北市、新北市、桃園市及高雄市以外縣市：有條件開放探視。訪客須出具訪視前3天內採檢之自費篩檢陰性證明。
三、自費篩檢陰性證明包含COVID-19抗原快篩或COVID-19病毒核酸檢驗，使用家用試劑自行檢測或由醫事人員採檢檢測皆可；機構不得限制僅可使用特定檢測方式之陰性證明。若訪客為「確診者取得解除隔離治療通知書且距發病日未滿3個月者」或「已完成COVID-19疫苗追加劑達14天(含)以上者」，可免除篩檢。
前述探視應遵循「衛生福利機構與榮譽國民之家因應COVID-19訪客管理作業原則」辦理，包括：落實預約制、實聯制、詢問TOCC及限制有感染症狀者進入、每位住民每次訪客人數不可超過3人、不同住民訪客間維持社交距離、進入住房探視每住房每時段原則上僅開放1位住民接受訪客探視、全程佩戴口罩等。
指揮中心將持續監測國內外疫情發展，滾動修正相關應變策略。請各類住宿式長照機構務必落實執行「第2級疫情警戒期間住宿式長照機構COVID-19強化管制措施」及指揮中心公布之COVID-19相關措施指引，並鼓勵完整接種COVID-19疫苗基礎劑12週後之機構工作人員與住民儘速接種1劑追加劑疫苗，以提升個人及群體免疫力，確保工作人員及住民健康安全。

",2022-02
2022-02-24,3月1日起調整醫院探病管理措施，北北桃高以外縣市醫院有條件開放探病,"中央流行疫情指揮中心今(24)日表示，國內COVID-19疫情趨於穩定，衡酌醫療機構防疫安全及民眾探病需求，自本(2022)年3月1日起調整醫院探病管理措施，臺北市、新北市、桃園市及高雄市的醫院除例外情形之外，維持禁止探病；其餘縣市的醫院有條件開放探病。指揮中心說明如下：
一、探病規定：
(一)臺北市、新北市、桃園市、高雄市的醫院除例外情形之外，維持禁止探病。例外情形包括病人實施手術、侵入性檢查或治療等，須由家屬陪同，或基於法規需要家屬親自簽署同意書或文件；或急診、加護病房或安寧病房等特殊單位，因應病人病情說明之需要；或其他因病患病情惡化、醫療處置需要或其他特殊原因等情形，經評估有必要探病且經醫療機構同意者等情形。
(二)其餘縣市之醫院除例外情形外，有條件開放加護病房、安寧病房、呼吸照護病房(包含RCC)、精神科病房、慢性病房及兒童病房等區域，及有身心障礙、病況危急者探病。探病時段為每日固定1時段，每名住院病人每次至多2名訪客為原則。
二、其他規定：
(一)所有探病者應出具探視日前3天內自費抗原快篩(含家用快篩)或PCR檢測陰性證明。
(二)若為「完成COVID-19疫苗追加劑接種達14天(含)以上」或「確定病例符合檢驗解除隔離條件且距發病日3個月內」，得免除篩檢。
(三)探病者須不具COVID-19相關症狀、未曾接觸確診個案或具相關公共場所活動史，且進入醫院務必全程佩戴口罩、遵循呼吸道衛生與咳嗽禮節及落實手部衛生。
指揮中心提醒，由於醫院屬於高感染傳播風險場域，疫情期間儘量避免不必要的探病，建議以視訊或電話方式替代實地探視。為強化醫院感染管制，民眾若仍有探病需要，指揮中心籲請探病者儘速完成疫苗追加劑接種，並配合實聯制登記及院方相關管理措施，以降低交互感染風險，保障自身及病人健康安全。另醫院相關管理規定，將視疫情發展滾動式修正。

",2022-02
2022-02-24,3月1日起，5機場及2港口往離島旅客，免篩檢及填寫健康聲明書,"中央流行疫情指揮中心今(24)日表示，依據春節前後本土疫情趨勢，考量國內本土疫情已穩定可控，自3月1日起暫停本島5處機場及2處港口篩檢站之運作及健康聲明書之填寫。
指揮中心說明，因應今年春節前國內疫情升溫，為避免疫情自本島擴散至離島，自1月29日起松山、臺中、嘉義、臺南、高雄等5處有航班往來澎湖、金門與馬祖等離島的機場，及基隆、高雄等2處有船班往來離島之港口，均設置篩檢站，旅客搭乘國內航線及船班前往離島時，應於搭機/船前填寫「健康聲明書」，現場有症狀者暫緩搭機/船，並搭乘防疫計程車至醫院採檢；搭機/船時無症狀，但過去14天有疑似症狀者，均需至篩檢站進行快篩，篩檢結果為陰性者始可搭機/船，若持搭機/船當日或24小時內之快篩陰性或PCR陰性報告，得免快篩；無症狀旅客亦可自願篩檢。
指揮中心統計，上述篩檢站自1月29日設立迄今，機場及港口全面投入人力，並每日動員保全、清潔消毒、航警、志工、防疫車隊等上百名人力，進行宣導、現場秩序維護、動線調整、環境清消、審視健康聲明書及協助旅客執行快篩等作業。截至昨(23)日，累計快篩執行搭機旅客3,028人次(佔搭機旅客數2.32%)及搭船旅客75人次(佔搭船旅客數2.61%)，其中過去14天有症狀分別為902人次及4人次，全數快篩陰性。
指揮中心指出，考量國內疫情已趨穩定，且篩檢站設立期間未有篩檢陽性旅客，經綜合評估後，將自3月1日起暫停交通部民用航空局及航港局所屬本島5處機場及2處港口篩檢站之運作，前往離島之旅客亦不需填寫健康聲明書，同時請各場站協助於現場宣導並提醒旅客，如有症狀旅客請勿搭機/船，並應儘速至醫院進行必要採檢。

",2022-02
2022-02-24,3月7日起開放非本國籍商務人士來臺,"中央流行疫情指揮中心今(24)日表示，鑒於國內外疫情趨於穩定，為兼顧經濟、生計及防疫，我國自今(2022)年3月7日零時起(當地搭機時間)，放寬非本國籍商務人士來臺。
指揮中心表示，本次放寬非本國籍商務人士來臺措施說明如下：
(一) 外籍人士：商務考察、投資、履約及應聘等商務活動；申請人應赴我國駐外館處申請特別入境許可。
(二) 中港澳人士：商務履約及跨國企業內部調動事由，中國籍人士由我國邀請單位於內政部移民署線上系統申請，港澳人士赴香港、澳門經濟文化辦事處或駐外館處申請。
指揮中心指出，非本國籍商務人士入境均須配合防疫措施，提具相關證明並遵守檢疫規定。

",2022-02
2022-02-24,新增80例COVID-19確定病例，分別為7例本土及73例境外移入,"中央流行疫情指揮中心今(24)日公布國內新增80例COVID-19確定病例，分別為7例本土個案及73例境外移入(45例為航班落地採檢陽性)；另確診個案無新增死亡。
指揮中心表示，今日新增本土個案為3例男性、4例女性，年齡介於30多歲至70多歲；詳如新聞稿附件。
指揮中心說明，今日新增境外移入個案為43例男性、30例女性，年齡介於未滿5歲至70多歲，分別自菲律賓(10例)、美國及法國(各7例)、越南(4例)、印度、紐西蘭、印尼及香港(各2例)、泰國、南非、西班牙、日本、孟加拉、德國、英國、愛沙尼亞及阿根廷(各1例)移入；另28例調查中。入境日介於今(2022)年2月4日至2月23日；詳如新聞稿附件。
指揮中心統計，截至目前國內累計6,236,894例新型冠狀病毒肺炎相關通報(含6,216,276例排除)，其中20,236例確診，分別為4,781例境外移入，15,401例本土病例，36例敦睦艦隊、3例航空器感染、1例不明及14例調查中；無新增空號病例，累計134例移除為空號。2020年起累計852例COVID-19死亡病例，其中839例本土，個案居住縣市分布為新北市413例、臺北市322例、基隆市29例、桃園市28例、彰化縣15例、新竹縣13例、臺中市5例、苗栗縣3例、宜蘭縣及花蓮縣各2例，新竹市、南投縣、雲林縣、臺南市、高雄市、屏東縣及臺東縣各1例；另13例為境外移入。
指揮中心再次呼籲，民眾應落實手部衛生、咳嗽禮節及佩戴口罩等個人防護措施，減少不必要移動、活動或集會，避免出入人多擁擠的場所，或高感染傳播風險場域，並主動積極配合各項防疫措施，共同嚴守社區防線。


",2022-02
2022-02-24,自3月7日零時起，入境居家檢疫天數縮短為10天,"中央流行疫情指揮中心今(24)表示，為兼顧維持國內防疫量能、社會經濟活動及有效控管風險，經評估國內疫情狀況及國際防疫措施開放情形，宣布春節檢疫專案實施期間再延長至今年3月6日(航班表定抵臺時間)止，相關措施均維持專案規定；並自今(2022)年3月7日零時起(航班表定抵臺時間)入境居家檢疫天數縮短為10天，相關措施調整如下：
一、檢疫天數及場所：
(一) 居家檢疫天數為10天，入境日為第0天，並自第11天起接續自主健康管理7天。
(二) 以自宅或親友住所1人1戶為原則。如家戶無法符合1人1戶檢疫條件，須入住防疫旅宿完成10天檢疫。
(三) 同日入境之家屬/同住者檢疫期間可於自宅或親友住所同住，或於防疫旅宿依民眾意願並配合房型同住1室，但單人房型小，建議以不超過2人同住為原則。
二、檢測措施：
(一) PCR檢測(計2次)：
1. 於入境時(第0天)依現行措施進行PCR檢測。
2. 於檢疫期滿前(檢疫第10天)進行PCR檢測，由地方政府安排至醫療院所或因地制宜規劃PCR檢測作業。檢測結果陰性者，期滿解除檢疫列管，接續自主健康管理7天。
(二) 家用快篩試劑檢測(計5次)：
1. 檢疫第3天 、第5天、第7天以及自主健康管理期間第3天、第6-7天，各執行1次快篩。
2. 家用快篩試劑由各國際港埠人員於入境時發放。
指揮中心強調，檢疫措施是控制疫情的必要防線之一，請民眾務必遵守檢疫期間相關事項，共同維護國內社區安全。

",2022-02
2022-02-23,COVID-19染疫康復者門住診整合醫療計畫網頁專區，自2月23日開始上線，提供更優質身心健康關懷整合機制,"中央流行疫情指揮中心今(23)日表示，為提供COVID-19染疫康復者更優質的身心健康關懷整合機制，衛生福利部辦理「COVID-19染疫康復者門住診整合醫療計畫」，以提供出現 COVID-19急性感染後徵候群(Post COVID-19 Condition)相關症狀者之門、住診醫療服務、社會福利資源評估轉介及心理健康照護，並於衛福部全球資訊網開設「COVID-19染疫康復者門住診整合醫療計畫網頁專區」(下稱「染疫康復者專區」)，製作淺顯易懂、圖文並茂的懶人包，協助民眾瞭解計畫內容，方便獲取相關指引與可運用資源等資訊。
指揮中心說明，衛福部於去(2021)年12月13日公告辦理「COVID-19染疫康復者門住診整合醫療計畫」，針對COVID-19確診解除隔離後6個月內出現 COVID-19急性感染後徵候群相關症狀者，提供跨科別整合門診及住院整合照護服務，由承作醫院定期評估日常生活功能、生活品質、呼吸、疼痛、心理、營養狀態及追蹤改善程度，並由社工師(員)評估家庭支持功能，協助轉介適當之社會福利資源，保障個案後續康復照護需求，提升COVID-19染疫康復者日常生活品質。
指揮中心指出，截至今(2022)年2月22日止，已完成核定81家向健保署申請擔任本計畫的承作醫院（臺北區21家、北區18家、中區14家、南區12家、高屏區9家、東區7家），各承作醫院之名單、整合科別、開診時段，網頁連結及諮詢窗口電話，均同步公布於「染疫康復者專區」（網址位於：衛福部全球資訊網＞其他＞認識COVID-19＞COVID-19染疫康復者門住診整合醫療計畫網頁專區，https://reurl.cc/8Wz6qX ）。本計畫由核定醫療院所收治COVID-19染疫康復者個案，整合門診、住院整合照護，提供醫療服務，增加民眾可近性；疾管署提供COVID-19染疫康復者指引、解除隔離資訊；醫事司編列本計畫健保醫療費用以外之費用預算；心口司提供心理衡鑑評估量表；長照司提供轉銜長期照顧資源；社工司轉介全國社會福利和救助資源。
指揮中心呼籲，面對COVID-19嚴峻疫情，民眾應配戴口罩、勤洗手、維持良好個人衛生習慣、保持社交距離等之相關規範，降低病毒傳播力，如有不適症狀請盡速就醫，並確實告知醫師相關旅遊史及活動史，以保護自我及周遭親友健康，共同維護國內社區免於疫情威脅。

",2022-02
2022-02-23,新增56例COVID-19確定病例，分別為2例本土及54例境外移入,"中央流行疫情指揮中心今(23)日公布國內新增56例COVID-19確定病例，分別為2例本土個案及54例境外移入(31例為航班落地採檢陽性)；另確診個案無新增死亡。
指揮中心表示，今日新增本土個案為1例男性、1例女性，年齡介於未滿10歲至60多歲；詳如新聞稿附件。
指揮中心說明，今日新增境外移入個案為32例男性、22例女性，年齡介於未滿5歲至80多歲，分別自美國(7例)、菲律賓及越南(各4例)、新加坡及日本(各2例)、瑞士、韓國、澳大利亞、土耳其、巴西、馬來西亞、印度、印尼及加拿大(各1例)移入；另26例調查中。入境日介於去(2021)年12月23日至今(2022)年2月22日；詳如新聞稿附件。
指揮中心統計，截至目前國內累計6,216,454例新型冠狀病毒肺炎相關通報(含6,196,027例排除)，其中20,156例確診，分別為4,708例境外移入，15,394例本土病例，36例敦睦艦隊、3例航空器感染、1例不明及14例調查中；無新增空號病例，累計134例移除為空號。2020年起累計852例COVID-19死亡病例，其中839例本土，個案居住縣市分布為新北市413例、臺北市322例、基隆市29例、桃園市28例、彰化縣15例、新竹縣13例、臺中市5例、苗栗縣3例、宜蘭縣及花蓮縣各2例，新竹市、南投縣、雲林縣、臺南市、高雄市、屏東縣及臺東縣各1例；另13例為境外移入。
指揮中心再次呼籲，民眾應落實手部衛生、咳嗽禮節及佩戴口罩等個人防護措施，減少不必要移動、活動或集會，避免出入人多擁擠的場所，或高感染傳播風險場域，並主動積極配合各項防疫措施，共同嚴守社區防線。

",2022-02
2022-02-22,新增44例COVID-19確定病例，分別為5例本土及39例境外移入,"中央流行疫情指揮中心今(22)日公布國內新增44例COVID-19確定病例，分別為5例本土個案及39例境外移入(9例為航班落地採檢陽性)；另確診個案無新增死亡。
指揮中心表示，今日新增本土個案為3例男性、2例女性，年齡介於10多歲至30多歲；詳如新聞稿附件。
指揮中心說明，今日新增境外移入個案為24例男性、15例女性，年齡介於10多歲至70多歲，分別自美國及菲律賓(各6例)、香港(4例)、越南(3例)、荷蘭及泰國(各2例)、柬埔寨、奈及利亞、土耳其、巴西、孟加拉、中國、印尼、德國、日本、韓國、英國及加拿大(各1例)移入；另4例調查中。入境日介於去(2021)年12月20日至今(2022)年2月21日；詳如新聞稿附件。
指揮中心統計，截至目前國內累計6,192,221例新型冠狀病毒肺炎相關通報(含6,171,834例排除)，其中20,100例確診，分別為4,654例境外移入，15,392例本土病例，36例敦睦艦隊、3例航空器感染、1例不明及14例調查中；無新增空號病例，累計134例移除為空號。2020年起累計852例COVID-19死亡病例，其中839例本土，個案居住縣市分布為新北市413例、臺北市322例、基隆市29例、桃園市28例、彰化縣15例、新竹縣13例、臺中市5例、苗栗縣3例、宜蘭縣及花蓮縣各2例，新竹市、南投縣、雲林縣、臺南市、高雄市、屏東縣及臺東縣各1例；另13例為境外移入。
指揮中心再次呼籲，民眾應落實手部衛生、咳嗽禮節及佩戴口罩等個人防護措施，減少不必要移動、活動或集會，避免出入人多擁擠的場所，或高感染傳播風險場域，並主動積極配合各項防疫措施，共同嚴守社區防線。


",2022-02
2022-02-22,COVID-19公費疫苗平臺第24期自2月23日起，開放已完整接種兩劑COVID-19疫苗滿12週且滿18歲以上民眾預約接種疫苗追加劑,"中央流行疫情指揮中心今(22)日表示，因應國內本土疫情，目前已提供民眾於各地方政府衛生局安排/指定之合約醫療院所預約接種，或至隨到隨打接種站進行接種。
指揮中心指出，為提供民眾多元疫苗預約管道選擇，以加速提升民眾免疫保護力， COVID-19公費疫苗預約平臺（https://1922.gov.tw/，以下簡稱預約平臺）持續於每週三上午10時至每週五中午12時提供民眾預約下週接種(週一至週日)；第24期提供「已完整接種兩劑COVID-19疫苗滿12週且滿18歲以上」民眾，預約接種疫苗追加劑。另請已於各地方政府衛生局安排/指定之合約醫療院所完成預約之民眾，仍依原已預約時段前往接種，無需再於預約平臺重複預約。
預約平臺相關對象及期程說明如下：
一、施打時程：自2022年2月28日至3月6日。
二、符合資格對象：2021年12月12日前已完整接種兩劑疫苗且間隔滿12週之18歲以上民眾[即2004/3/6(含)前出生]預約接種疫苗追加劑。
三、預約分流時程：
(一)55歲以上：2月23日上午10時至2月25日中午12時。
(二)38歲-54歲：2月23日中午12時至2月25日中午12時。
(三)18歲-37歲：2月23日下午2時至2月25日中午12時。
指揮中心說明，民眾可於2月22日下午2時起於預約平臺進行預約資格查詢，不再另外發送預約提醒簡訊，符合資格民眾請記得於預約時間進行預約，預約當日如遇啟動流量管制，亦請配合依序排隊耐心等候預約。
指揮中心指出，預約平臺第24期僅提供民眾預約接種疫苗追加劑，民眾若有第一、二劑或基礎加強劑接種需求，請持接種紀錄(小黃卡)至各地方政府指定/安排合約醫療院所或衛生所預約，或至提供隨到隨打服務之接種站接種。
指揮中心強調，前述醫療院所資訊，可至疾管署全球資訊網( https://www.cdc.gov.tw/) COVID-19疫苗接種院所項下，利用「COVID-19疫苗接種院所」或「COVID-19疫苗接種院所地圖」，依各地方政府衛生局提供資訊連結預約接種。
指揮中心提醒，請民眾前往接種COVID-19疫苗前，應備妥「COVID-19疫苗接種紀錄卡」及健保卡，並經醫生評估過往疫苗接種史及檢核接種紀錄後，提供民眾疫苗接種。另18歲至未滿20歲民眾，如自行前往接種，請持家長簽具之意願同意書，若由家長陪同前往接種，請本人與家長於現場共同簽署意願同意書。

",2022-02
2022-02-21,歐盟宣布修正疫苗證明有效期,"中央流行疫情指揮中心今(21)日表示，我國接獲歐盟通知「歐盟數位新冠證明」(下稱「EU-DCC」)自今(2022)年2月1日起，歐盟會員國之數位疫苗接種證明有效期，已從365天調整為270天。至於追加劑(國內為第3劑)的數位證明則沒有期限。為配合歐盟資料更正，請各場所使用查驗程式，可透過重新連線至查驗程式網站，取得最新驗證邏輯。
指揮中心指出，本項調整係依據去(2021)年12 月 21 日歐盟委員會授權條例(EU 2021/2288)修訂了(EU 2021/953)，並於12月22日召開EU-DCC成員視訊技術會議，並通知需配合修正系統，我國查驗程式配合相關規範修改驗證邏輯。
指揮中心說明，我國去年正式加入EU-DCC成員後，持續參與相關國際事務，歐盟為持續檢視各成員可符合技術規範，週期性舉行驗證測試(最新一次為今年1月31日)，我國積極並全程參與，順利完成各項工作。
指揮中心強調，本次EU-DCC成員驗證測試結果，經歐盟召開數位新冠證明驗證測試檢討會議，各國共計上傳1萬1,760筆測試結果，包括應為通過及不通過者，另有29國上傳258個讀取各國QR code失敗的結果，並針對相關技術問題於會議上進行討論，我國查驗程式驗證時均順利讀取各國上傳的QR code。
指揮中心進一步說明，為配合EU-DCC系統陸續調整政策及功能，我國於去年12月22日、今年1月26日及2月9日受邀參與歐盟召開的國際技術討論會議，確實執行相關任務，運用我國數位發展實力，努力提升國際上的能見度。截至今日為止，非EU加入EU-DCC的成員國更新為35國，新增約旦(Jordan)、貝南共和國(Benin)2國，目前成員共62國。
指揮中心提醒，由於必須配合歐盟資料更正，各場所使用查驗程式，可透過重新連線至查驗程式網站，並清除使用者端的快取記憶，以利保持最新驗證邏輯。詳細數位證明申辦及驗證系統操作方式可以參考衛生福利部官網數位證明專區( https://covid19.mohw.gov.tw/ch/np-5345-205.html )。

",2022-02
2022-02-21,新增49例COVID-19確定病例，分別為4例本土及45例境外移入,"中央流行疫情指揮中心今(21)日公布國內新增49例COVID-19確定病例，分別為4例本土個案及45例境外移入(24例為航班落地採檢陽性)；另確診個案無新增死亡。
指揮中心表示，今日新增本土個案為1例男性、3例女性，年齡介於未滿10歲至50多歲；詳如新聞稿附件。
指揮中心說明，今日新增境外移入個案為25例男性、20例女性，年齡介於20多歲至80多歲，分別自美國(9例)、香港(3例)、荷蘭及澳大利亞(各2例)、日本、丹麥、加拿大、新加坡、馬來西亞、英國、孟加拉及德國(各1例)移入；另21例調查中。入境日介於今(2022)年1月15日至2月20日；詳如新聞稿附件。
指揮中心指出，今年1月31日公布之案18874及2月19日公布之案20028境外移入病例，經基因定序及疫調後改判為本土病例。
指揮中心統計，截至目前國內累計6,166,725例新型冠狀病毒肺炎相關通報(含6,146,253例排除)，其中20,056例確診，分別為4,615例境外移入，15,387例本土病例，36例敦睦艦隊、3例航空器感染、1例不明及14例調查中；無新增空號病例，累計134例移除為空號。2020年起累計852例COVID-19死亡病例，其中839例本土，個案居住縣市分布為新北市413例、臺北市322例、基隆市29例、桃園市28例、彰化縣15例、新竹縣13例、臺中市5例、苗栗縣3例、宜蘭縣及花蓮縣各2例，新竹市、南投縣、雲林縣、臺南市、高雄市、屏東縣及臺東縣各1例；另13例為境外移入。
指揮中心再次呼籲，民眾應落實手部衛生、咳嗽禮節及佩戴口罩等個人防護措施，減少不必要移動、活動或集會，避免出入人多擁擠的場所，或高感染傳播風險場域，並主動積極配合各項防疫措施，共同嚴守社區防線。


",2022-02
2022-02-20,新增70例COVID-19確定病例，分別為4例本土及66例境外移入,"中央流行疫情指揮中心今(20)日公布國內新增70例COVID-19確定病例，分別為4例本土個案及66例境外移入(24例為航班落地採檢陽性)；另確診個案無新增死亡。
指揮中心表示，今日新增本土個案為2例男性、2例女性，年齡介於20多歲至40多歲；詳如新聞稿附件。
指揮中心說明，今日新增境外移入個案為41例男性、24例女性、1例調查中，年齡介於未滿5歲至70多歲，分別自日本(12例)、美國(9例)、越南(7例)、菲律賓(4例)、印尼、斯里蘭卡及馬來西亞(各2例)、泰國、孟加拉、尼泊爾、澳大利亞、荷蘭、香港、韓國及德國(各1例)移入；另20例調查中。入境日介於今(2022)年1月31日至2月19日；詳如新聞稿附件。
指揮中心統計，截至目前國內累計6,152,976例新型冠狀病毒肺炎相關通報(含6,132,517例排除)，其中20,007例確診，分別為4,572例境外移入，15,381例本土病例，36例敦睦艦隊、3例航空器感染、1例不明及14例調查中；無新增空號病例，累計134例移除為空號。2020年起累計852例COVID-19死亡病例，其中839例本土，個案居住縣市分布為新北市413例、臺北市322例、基隆市29例、桃園市28例、彰化縣15例、新竹縣13例、臺中市5例、苗栗縣3例、宜蘭縣及花蓮縣各2例，新竹市、南投縣、雲林縣、臺南市、高雄市、屏東縣及臺東縣各1例；另13例為境外移入。
指揮中心再次呼籲，民眾應落實手部衛生、咳嗽禮節及佩戴口罩等個人防護措施，減少不必要移動、活動或集會，避免出入人多擁擠的場所，或高感染傳播風險場域，並主動積極配合各項防疫措施，共同嚴守社區防線。


",2022-02
2022-02-19,新增73例COVID-19確定病例，分別為8例本土及65例境外移入,"中央流行疫情指揮中心今(19)日公布國內新增73例COVID-19確定病例，分別為8例本土個案及65例境外移入(31例為航班落地採檢陽性)；另確診個案無新增死亡。
指揮中心表示，今日新增本土個案為6例男性、2例女性，年齡介於未滿5歲至70多歲；詳如新聞稿附件。
指揮中心說明，今日新增境外移入個案為39例男性、24例女性、2例調查中，年齡介於10多歲至60多歲，分別自美國(8例)、加拿大(5例)、馬來西亞(3例)、德國、英國、菲律賓、西班牙及柬埔寨(各2例)、瑞典、波蘭、羅馬尼亞、俄羅斯、瑞士、越南、尼泊爾、奧地利、香港、巴西、澳大利亞、紐西蘭、芬蘭、阿根廷及中國(各1例)移入；另24例調查中。入境日介於今(2022)年1月18日至2月18日；詳如新聞稿附件。
指揮中心統計，截至目前國內累計6,130,479例新型冠狀病毒肺炎相關通報(含6,110,154例排除)，其中19,937例確診，分別為4,506例境外移入，15,377例本土病例，36例敦睦艦隊、3例航空器感染、1例不明及14例調查中；無新增空號病例，累計134例移除為空號。2020年起累計852例COVID-19死亡病例，其中839例本土，個案居住縣市分布為新北市413例、臺北市322例、基隆市29例、桃園市28例、彰化縣15例、新竹縣13例、臺中市5例、苗栗縣3例、宜蘭縣及花蓮縣各2例，新竹市、南投縣、雲林縣、臺南市、高雄市、屏東縣及臺東縣各1例；另13例為境外移入。
指揮中心再次呼籲，民眾應落實手部衛生、咳嗽禮節及佩戴口罩等個人防護措施，減少不必要移動、活動或集會，避免出入人多擁擠的場所，或高感染傳播風險場域，並主動積極配合各項防疫措施，共同嚴守社區防線。

",2022-02
2022-02-18,新增67例COVID-19確定病例，分別為16例本土及51例境外移入,"中央流行疫情指揮中心今(18)日公布國內新增67例COVID-19確定病例，分別為16例本土個案及51例境外移入(16例為航班落地採檢陽性)；另確診個案無新增死亡。
指揮中心表示，今日新增本土個案為7例男性、9例女性，年齡介於未滿10歲至50多歲；詳如新聞稿附件。
指揮中心說明，今日新增境外移入個案為27例男性、24例女性，年齡介於未滿5歲至70多歲，分別自美國(9例)、加拿大及印度(各3例)、澳大利亞、菲律賓及香港(各2例)、韓國、日本、印尼、墨西哥、比利時、泰國、巴西、越南、義大利及尼泊爾(各1例)移入；另20例調查中。入境日介於今(2022)年1月23日至2月17日；詳如新聞稿附件。
指揮中心統計，截至目前國內累計6,108,383例新型冠狀病毒肺炎相關通報(含6,088,145例排除)，其中19,864例確診，分別為4,441例境外移入，15,369例本土病例，36例敦睦艦隊、3例航空器感染、1例不明及14例調查中；無新增空號病例，累計134例移除為空號。2020年起累計852例COVID-19死亡病例，其中839例本土，個案居住縣市分布為新北市413例、臺北市322例、基隆市29例、桃園市28例、彰化縣15例、新竹縣13例、臺中市5例、苗栗縣3例、宜蘭縣及花蓮縣各2例，新竹市、南投縣、雲林縣、臺南市、高雄市、屏東縣及臺東縣各1例；另13例為境外移入。
指揮中心再次呼籲，民眾應落實手部衛生、咳嗽禮節及佩戴口罩等個人防護措施，減少不必要移動、活動或集會，避免出入人多擁擠的場所，或高感染傳播風險場域，並主動積極配合各項防疫措施，共同嚴守社區防線。


",2022-02
2022-02-17,新增68例COVID-19確定病例，分別為14例本土及54例境外移入,"中央流行疫情指揮中心今(17)日公布國內新增68例COVID-19確定病例，分別為14例本土個案及54例境外移入(30例為航班落地採檢陽性)；另確診個案無新增死亡。
指揮中心表示，今日新增本土個案為5例男性、9例女性，年齡介於未滿5歲至90多歲；詳如新聞稿附件。
指揮中心說明，今日新增境外移入個案為38例男性、16例女性，年齡介於未滿5歲至70多歲，分別自美國(9例)、越南(3例)、澳大利亞、法國及印度(各2例)、菲律賓、烏克蘭、查德、英國、紐西蘭、馬來西亞、日本及柬埔寨(各1例)移入；另28例調查中。入境日介於去(2021)年12月24日至今(2022)年2月16日；詳如新聞稿附件。
指揮中心統計，截至目前國內累計6,080,937例新型冠狀病毒肺炎相關通報(含6,060,668例排除)，其中19,797例確診，分別為4,390例境外移入，15,353例本土病例，36例敦睦艦隊、3例航空器感染、1例不明及14例調查中；新增3例空號病例(案19599、案19655、案19656，均為本土個案改判陰性)，累計134例移除為空號。2020年起累計852例COVID-19死亡病例，其中839例本土，個案居住縣市分布為新北市413例、臺北市322例、基隆市29例、桃園市28例、彰化縣15例、新竹縣13例、臺中市5例、苗栗縣3例、宜蘭縣及花蓮縣各2例，新竹市、南投縣、雲林縣、臺南市、高雄市、屏東縣及臺東縣各1例；另13例為境外移入。
指揮中心再次呼籲，民眾應落實手部衛生、咳嗽禮節及佩戴口罩等個人防護措施，減少不必要移動、活動或集會，避免出入人多擁擠的場所，或高感染傳播風險場域，並主動積極配合各項防疫措施，共同嚴守社區防線。

",2022-02
2022-02-16,新增67例COVID-19確定病例，分別為14例本土及53例境外移入,"中央流行疫情指揮中心今(16)日公布國內新增67例COVID-19確定病例，分別為14例本土個案及53例境外移入(16例為航班落地採檢陽性)；另確診個案無新增死亡。
指揮中心表示，今日新增本土個案為7例男性、7例女性，年齡介於未滿5歲至50多歲；詳如新聞稿附件。
指揮中心說明，今日新增境外移入個案為27例男性、26例女性，年齡介於未滿5歲至70多歲，分別自美國(10例)、英國(6例)、印尼及日本(各3例)、義大利、法國及印度(各2例)、中國、孟加拉、愛爾蘭、加拿大、馬拉威、德國、模里西斯、西班牙、越南、荷蘭、柬埔寨(各1例)移入；另14例調查中。入境日介於今(2022)年1月6日至2月15日；詳如新聞稿附件。
指揮中心統計，截至目前國內累計6,052,334例新型冠狀病毒肺炎相關通報(含6,032,319例排除)，其中19,732例確診，分別為4,336例境外移入，15,342例本土病例，36例敦睦艦隊、3例航空器感染、1例不明及14例調查中；新增1例空號病例(案19601本土個案改判陰性)，累計131例移除為空號。2020年起累計852例COVID-19死亡病例，其中839例本土，個案居住縣市分布為新北市413例、臺北市322例、基隆市29例、桃園市28例、彰化縣15例、新竹縣13例、臺中市5例、苗栗縣3例、宜蘭縣及花蓮縣各2例，新竹市、南投縣、雲林縣、臺南市、高雄市、屏東縣及臺東縣各1例；另13例為境外移入。
指揮中心再次呼籲，民眾應落實手部衛生、咳嗽禮節及佩戴口罩等個人防護措施，減少不必要移動、活動或集會，避免出入人多擁擠的場所，或高感染傳播風險場域，並主動積極配合各項防疫措施，共同嚴守社區防線。

",2022-02
2022-02-15,國內近期發生多起外籍移工急性病毒性A型肝炎群聚事件，疾管署籲請民眾避免生食生飲，注意飲食衛生，降低感染風險,"疾病管制署今(15)日表示，依據疾管署監測資料顯示，截至今(2022)年2月15日，急性病毒性A型肝炎本土病例達28例，相較去(2021)年同期(11例)顯著增加；進一步分析發現其中18例為泰籍移工，分別為桃園市10例、臺中市3例、臺南市2例及新北市、彰化縣與南投縣各1例。經疫情調查發現，多數病例具有生食習慣，例如攝食可能受汙染的肉類(牛肉或豬肉)等。
疾管署呼籲，民眾務必落實正確洗手及注意飲食衛生，處理食材時應將生熟食分開處理，避免生食生飲或食用未完全煮熟的餐點，聚餐共食時應使用公筷母匙。該署並建議無A型肝炎保護性抗體者(A型肝炎IgG抗體檢驗陰性)，可前往醫療院所自費接種2劑A型肝炎疫苗，以降低感染風險。
疾管署說明，病毒性A型肝炎主要透過糞口途徑傳播，可藉由食用受病毒汙染的水或食物而感染，手部接觸到帶病毒者的糞便後，如未澈底清潔雙手，再接觸食物或口部也可能造成間接感染。A型肝炎潛伏期約15至50天，平均為28至30天，感染後可能會出現發燒、全身倦怠不適、食慾不振、嘔吐及腹部不舒服，數天之後發生黃疸，大多數病例會自然痊癒，並終身具有免疫力。
疾管署提醒，民眾平日應養成良好的飲食及衛生習慣，如有不適症狀請儘速就醫，並確實告知醫師相關旅遊史及飲食史，以及時得到適切的診斷及治療；同時籲請臨床醫師加強疑似病例通報並詳細詢問病史，以利衛生機關及時疫調與介入處理，避免疫情擴大。相關資訊請參閱疾管署全球資訊網(https://www.cdc.gov.tw )，或撥打免付費防疫專線1922(0800-001922)洽詢。

",2022-02
2022-02-15,近日網路流傳「擔心被隔離，不敢掃實聯制」，指揮中心重申接觸者匡列及居家隔離原則,"針對近日網路流傳「擔心被隔離，不敢掃實聯制」，中央流行疫情指揮中心今（15）日表示，為提升我國社區防疫安全及確保國人健康，該中心重申居家隔離接觸者匡列原則；如有COVID-19確診個案，地方政府衛生局將針對確診個案於可傳染期間參與的各項活動進行詳細疫調，並依接觸時間及有無適當防護條件等，評估所有可能接觸人員的感染風險後，匡列接觸者名單，通知該等人員執行居家隔離、自主健康管理或自我健康監測等各項防疫措施。呼籲國人出入公共場域落實實聯制，才能保護自己與他人。
指揮中心表示，自個案發病前4日起至隔離前，具備「在無適當防護下，曾於24小時內累計大於15分鐘面對面的接觸者，或提供照護、相處、接觸病患呼吸道分泌物或體液之醫療人員及同住者」或「在無適當防護下，執行引發飛沫微粒的醫療處置(Aerosol Generating Procedures)」條件，為須居家隔離的密切接觸者匡列原則。實聯制是為儘速聯繫可能的接觸者及防堵疫情擴散，以利地方政府執行疫情調查、進行風險評估及進行後續接觸者匡列與隔離等處置措施；因此籲請民眾出入公共場域落實實聯制，加速衛生單位進行接觸者匡列及隔離，降低病毒傳播風險，並控制疫情，保護自己同時也保護他人。
指揮中心重申，密切接觸者的隔離措施以1人1室為原則，但經指揮中心專案核定、地方政府報經指揮中心同意或經地方政府衛生單位評估家中環境不適合者(如：居家隔離者無法有獨立的房間及廁所、住家環境有受病毒汙染之虞且難以即時確實清消，可能有環境汙染造成疾病傳播之風險等)，可公費送集中檢疫所隔離，不應要求民眾自付防疫旅宿費用。
指揮中心強調，為鼓勵民眾配合整體防疫措施，遵守防疫各項規定，衛生福利部已於109年3月10日發布「嚴重特殊傳染性肺炎隔離及檢疫期間防疫補償辦法」，針對居家隔離民眾，在隔離期間遵守相關防疫規定且無支領薪資或依其他法令規定性質相同的補助者，可申請每日新臺幣1,000元的防疫補償。如有防疫補償相關疑問，可至衛生福利部全球資訊網( https://covid19.mohw.gov.tw/ch/cp-5188-61209-205.html )或撥打免付費1957福利諮詢專線洽詢。


",2022-02
2022-02-15,新增45例COVID-19確定病例，分別為5例本土及40例境外移入,"中央流行疫情指揮中心今(15)日公布國內新增45例COVID-19確定病例，分別為5例本土個案及40例境外移入(13例為航班落地採檢陽性)；另確診個案中新增1例死亡。
指揮中心表示，今日新增本土個案為2例男性、3例女性，年齡介於20多歲至40多歲；詳如新聞稿附件。
指揮中心說明，今日新增境外移入個案為25例男性、15例女性，年齡介於未滿10歲至70多歲，分別自美國(8例)、印度及新加坡(各3例)、澳大利亞、菲律賓、越南及日本(各2例)、英國、西班牙、阿爾及利亞、加拿大、法國、香港、義大利、瑞典、德國、荷蘭、印尼、巴西及阿根廷(各1例)移入；另5例調查中。入境日介於今(2022)年1月5日至2月14日；詳如新聞稿附件。
指揮中心表示，今日新增1例死亡個案(案18138)，為80多歲本國籍女性，具慢性病史，為案17368相關接觸者，因有就醫需求，於今年1月10日由衛生單位安排住院隔離，1月19日隔離期滿前採檢確診，繼續隔離治療，於2月4日死亡。
指揮中心指出，另今年2月12日公布之案19592境外移入病例，經疫調及基因定序後改判為本土病例。
指揮中心統計，截至目前國內累計6,019,159例新型冠狀病毒肺炎相關通報(含5,998,996例排除)，其中19,666例確診，分別為4,283例境外移入，15,329例本土病例，36例敦睦艦隊、3例航空器感染、1例不明及14例調查中；無新增空號病例，累計130例移除為空號。2020年起累計852例COVID-19死亡病例，其中839例本土，個案居住縣市分布為新北市413例、臺北市322例、基隆市29例、桃園市28例、彰化縣15例、新竹縣13例、臺中市5例、苗栗縣3例、宜蘭縣及花蓮縣各2例，新竹市、南投縣、雲林縣、臺南市、高雄市、屏東縣及臺東縣各1例；另13例為境外移入。
指揮中心再次呼籲，民眾應落實手部衛生、咳嗽禮節及佩戴口罩等個人防護措施，減少不必要移動、活動或集會，避免出入人多擁擠的場所，或高感染傳播風險場域，並主動積極配合各項防疫措施，共同嚴守社區防線。


",2022-02
2022-02-15,COVID-19公費疫苗平臺第23期自2月16日起，開放已完整接種兩劑COVID-19疫苗滿12週且滿18歲以上民眾預約接種疫苗追加劑,"中央流行疫情指揮中心今(15)日表示，因應國內本土疫情，目前已提供民眾於各地方政府衛生局安排/指定之合約醫療院所預約接種，或至隨到隨打接種站進行接種。
指揮中心指出，為提供民眾多元疫苗預約管道選擇，以加速提升民眾免疫保護力， COVID-19公費疫苗預約平臺（https://1922.gov.tw/，以下簡稱預約平臺）持續於第23期提供「已完整接種兩劑COVID-19疫苗滿12週且滿18歲以上」民眾，預約接種疫苗追加劑。另請已於各地方政府衛生局安排/指定之合約醫療院所完成預約之民眾，仍依原已預約時段前往接種，無需再於預約平臺重複預約。
預約平臺相關對象及期程說明如下：
一、施打時程：自2022年2月21日至2月27日。
二、符合資格對象：2021年12月5日前已完整接種兩劑疫苗且間隔滿12週之18歲以上民眾[即2004/2/27(含)前出生]預約接種疫苗追加劑。
三、預約分流時程：
(一)55歲以上：2月16日上午10時至2月18日中午12時。
(二)38歲-54歲：2月16日中午12時至2月18日中午12時。
(三)18歲-37歲：2月16日下午2時至2月18日中午12時。
指揮中心說明，民眾可於2月15日下午2時起於預約平臺進行預約資格查詢，不再另外發送預約提醒簡訊，符合資格民眾請記得於預約時間進行預約，預約當日如遇啟動流量管制，亦請配合依序排隊耐心等候預約。
指揮中心指出，預約平臺第23期僅提供民眾預約接種疫苗追加劑，民眾若有第一、二劑或基礎加強劑接種需求，請持接種紀錄(小黃卡)至各地方政府指定/安排合約醫療院所或衛生所預約，或至提供隨到隨打服務之接種站接種。
指揮中心強調，前述醫療院所資訊，可至疾管署全球資訊網( https://www.cdc.gov.tw/) COVID-19疫苗接種院所項下，利用「COVID-19疫苗接種院所」或「COVID-19疫苗接種院所地圖」，依各地方政府衛生局提供資訊連結預約接種。
指揮中心提醒，請民眾前往接種COVID-19疫苗前，應備妥「COVID-19疫苗接種紀錄卡」及健保卡，並經醫生評估過往疫苗接種史及檢核接種紀錄後，提供民眾疫苗接種。另18歲至未滿20歲民眾，如自行前往接種，請持家長簽具之意願同意書，若由家長陪同前往接種，請本人與家長於現場共同簽署意願同意書。
",2022-02
2022-02-15,今(2022)年第二批採購Moderna疫苗140.48萬劑於今(15)日下午抵臺,"中央流行疫情指揮中心今(15)日表示，今年第二批採購Moderna疫苗140.48萬劑，於今日下午抵達桃園國際機場，完成通關程序後，直接運送至指定冷儲物流中心進行後續檢驗封緘作業，再提供COVID-19接種計畫所列實施對象接種。本批效期至2022年4月25日。
指揮中心說明，已於2021年7月22日與美國Moderna公司簽署2年共3,500萬劑COVID-19疫苗之供應合約，今年預定供應2,000萬劑疫苗，目前共有291.69萬劑到貨，分別為首批1月25日151.21萬劑及本批140.48萬劑。

",2022-02
2022-02-14,指揮中心說明入境檢疫政策調整規劃,"中央流行疫情指揮中心今(14)日表示，依據春節前後本土疫情趨勢、有效再生數(Effective reproductive number, Rt值)、檢驗陽性率及不同Omicron基因序列之傳播鏈等疫情狀況統計，顯示春節期間國內本土疫情穩定可控；另經審慎考量Omicron有縮短潛伏期跡象，暴露病毒後7天及10天內發病者比率分別達95%及99%以上，且感染Omicron之住院率及死亡率較其他變異株低，在國內持續提升COVID-19疫苗之基礎劑及追加劑接種率下，未來感染個案仍將以無症狀或輕症居多，並參考鄰近之日本、韓國、香港及新加坡陸續縮短檢疫措施等因素，研擬未來入境居家檢疫政策方向為「縮短居家檢疫天數為10天，並於檢疫期滿後進行7天自主健康管理」。
指揮中心說明，在評估兼顧維持國內防疫量能、社會經濟活動及有效控管風險下，初步規劃調整方向如下：
一、居家檢疫天數及檢疫場所：
(一) 縮短居家檢疫天數為10天，並於檢疫期滿後進行7天自主健康管理。
(二) 以自宅或親友住所1人1戶為原則。如家戶無法符合1人1戶檢疫條件者，須入住防疫旅館完成10天檢疫。
二、入境人員之檢測措施：
(一) 放寬商務人士入境許可條件，並比照縮短檢疫。
(二) PCR檢測：入境時及檢疫期滿前(第10天)各1次，計2次。
(三) 家用快篩試劑快篩：檢疫第3天 、第5天、第7天以及自主健康管理第6-7天，各執行1次快篩，計4次。
指揮中心強調，因應檢疫措施調整規劃，已研擬提升1-3劑疫苗覆蓋率及長者接種率、持續整備醫療及加強版檢疫所量能、增加檢疫期間和期滿後快篩頻率、落實一人一戶和防疫旅館之嚴格防疫管理、強化企業自主防疫應變管理計畫、商務入境專案管理等防疫配套管理措施，並將持續監測國內外疫情趨勢及社區傳播風險，適時公布實施時間及執行細節。

",2022-02
2022-02-14,新增54例COVID-19確定病例，分別為4例本土及50例境外移入,"中央流行疫情指揮中心今(14)日公布國內新增54例COVID-19確定病例，分別為4例本土個案及50例境外移入(27例為航班落地採檢陽性)；另確診個案中無新增死亡。
指揮中心表示，今日新增本土個案為2例男性、2例女性，年齡介於20多歲至50多歲；詳如新聞稿附件。
指揮中心說明，今日新增境外移入個案為24例男性、25例女性、1例調查中，年齡介於未滿5歲至60多歲，分別自美國(16例)、香港、英國、日本、德國及加拿大(各2例)、柬埔寨、澳大利亞、印尼、哈薩克、法國及瑞典(各1例)移入；另18例調查中。入境日介於今(2022)年1月28日至2月13日；詳如新聞稿附件。
指揮中心統計，截至目前國內累計5,990,985例新型冠狀病毒肺炎相關通報(含5,970,608例排除)，其中19,621例確診，分別為4,244例境外移入，15,323例本土病例，36例敦睦艦隊、3例航空器感染、1例不明及14例調查中；無新增空號病例，累計130例移除為空號。2020年起累計851例COVID-19死亡病例，其中838例本土，個案居住縣市分布為新北市413例、臺北市322例、基隆市29例、桃園市27例、彰化縣15例、新竹縣13例、臺中市5例、苗栗縣3例、宜蘭縣及花蓮縣各2例，新竹市、南投縣、雲林縣、臺南市、高雄市、屏東縣及臺東縣各1例；另13例為境外移入。
指揮中心再次呼籲，民眾應落實手部衛生、咳嗽禮節及佩戴口罩等個人防護措施，減少不必要移動、活動或集會，避免出入人多擁擠的場所，或高感染傳播風險場域，並主動積極配合各項防疫措施，共同嚴守社區防線。


",2022-02
2022-02-13,新增52例COVID-19確定病例，分別為12例本土及40例境外移入,"中央流行疫情指揮中心今(13)日公布國內新增52例COVID-19確定病例，分別為12例本土個案及40例境外移入(15例為航班落地採檢陽性)；另確診個案中無新增死亡。
指揮中心表示，今日新增本土個案為5例男性、7例女性，年齡介於未滿5歲至70多歲；詳如新聞稿附件。
指揮中心說明，今日新增境外移入個案為18例男性、22例女性，年齡介於未滿10歲至60多歲，分別美國(9例)、菲律賓(4例)、澳大利亞(3例)、烏克蘭及日本(各2例)、義大利、柬埔寨、瑞典、芬蘭、波蘭、加拿大、南非、新加坡、蒙古、西班牙、寮國、韓國及墨西哥(各1例)移入；另7例調查中。入境日介於今(2022)年1月12日至2月12日；詳如新聞稿附件。
指揮中心統計，截至目前國內累計5,968,058例新型冠狀病毒肺炎相關通報(含5,947,691例排除)，其中19,567例確診，分別為4,194例境外移入，15,319例本土病例，36例敦睦艦隊、3例航空器感染、1例不明及14例調查中；無新增空號病例，累計130例移除為空號。2020年起累計851例COVID-19死亡病例，其中838例本土，個案居住縣市分布為新北市413例、臺北市322例、基隆市29例、桃園市27例、彰化縣15例、新竹縣13例、臺中市5例、苗栗縣3例、宜蘭縣及花蓮縣各2例，新竹市、南投縣、雲林縣、臺南市、高雄市、屏東縣及臺東縣各1例；另13例為境外移入。
指揮中心再次呼籲，民眾應落實手部衛生、咳嗽禮節及佩戴口罩等個人防護措施，減少不必要移動、活動或集會，避免出入人多擁擠的場所，或高感染傳播風險場域，並主動積極配合各項防疫措施，共同嚴守社區防線。


",2022-02
2022-02-12,新增60例COVID-19確定病例，分別為11例本土及49例境外移入,"中央流行疫情指揮中心今(12)日公布國內新增60例COVID-19確定病例，分別為11例本土個案及49例境外移入(23例為航班落地採檢陽性)；另確診個案中無新增死亡。
指揮中心表示，今日新增本土個案為4例男性、7例女性，年齡介於未滿5歲至60多歲；詳如新聞稿附件。
指揮中心說明，今日新增境外移入個案為27例男性、22例女性，年齡介於未滿5歲至60多歲，分別美國(9例)、加拿大(8例)、阿拉伯聯合大公國及英國(各2例)、香港、哈薩克、荷蘭、吉爾吉斯、德國、印尼、瑞士、緬甸、中國及立陶宛(各1例)移入；另18例調查中。入境日介於今(2022)年1月21日至2月11日；詳如新聞稿附件。
指揮中心統計，截至目前國內累計5,944,952例新型冠狀病毒肺炎相關通報(含5,924,922例排除)，其中19,515例確診，分別為4,154例境外移入，15,307例本土病例，36例敦睦艦隊、3例航空器感染、1例不明及14例調查中；無新增空號病例，累計130例移除為空號。2020年起累計851例COVID-19死亡病例，其中838例本土，個案居住縣市分布為新北市413例、臺北市322例、基隆市29例、桃園市27例、彰化縣15例、新竹縣13例、臺中市5例、苗栗縣3例、宜蘭縣及花蓮縣各2例，新竹市、南投縣、雲林縣、臺南市、高雄市、屏東縣及臺東縣各1例；另13例為境外移入。
指揮中心再次呼籲，民眾應落實手部衛生、咳嗽禮節及佩戴口罩等個人防護措施，減少不必要移動、活動或集會，避免出入人多擁擠的場所，或高感染傳播風險場域，並主動積極配合各項防疫措施，共同嚴守社區防線。

",2022-02
2022-02-11,預防愛滋三大公式：愛前「預防」，愛有一「套」，有愛就「篩」，一同享受健康、美好時光！,"西洋情人節即將來到，疾管署呼籲預防愛滋三大公式：愛前「預防」，愛有一「套」，有愛就「篩」，讓愛的過程健康、沒煩惱！
為預防愛滋病毒感染，疾管署持續推動「愛滋病毒篩檢與暴露愛滋病毒前預防性投藥(PrEP)計畫」，讓可能有感染愛滋風險的民眾，經醫師評估後，透過服用PrEP藥物，使體內有足夠的藥物濃度來預防被愛滋病毒感染，保護效果可達90%以上。今年全國計有38家醫療院所，提供愛滋感染者之配偶或伴侶，及35歲(含)以下年輕族群，整合型服務包含：醫師評估、PrEP藥物、衛教諮詢、性病檢驗，若合併有藥癮問題亦協助轉介戒治等個人化服務。因公費PrEP計畫補助名額有限，請有需求的民眾儘早洽詢，可至疾管署網站PrEP專區(https://reurl.cc/e6M1Mb)查詢。民眾若不符合公費補助條件，亦可經醫師評估後自費服用PrEP藥物。
依疾管署統計資料顯示，2021年新通報的1,246位愛滋感染者中，超過9成的感染危險因子為不安全性行為。因此若發生性行為，應全程正確使用保險套及水性潤滑液，勿搭配油性潤滑液(如凡士林、乳液等)，避免保險套乳化破損，以預防感染愛滋等性傳染病。
為鼓勵民眾了解自身健康狀況，疾管署亦持續辦理「愛滋自我篩檢計畫」，民眾可上網預訂、超商取貨領用自我篩檢試劑，也可前往民間團體、衛生局(所)，或利用自動服務機取得試劑進行自我篩檢，兼顧隱私與便利性，相關內容可至疾管署「愛滋自我篩檢計畫」網頁(https://hiva.cdc.gov.tw/Selftest)查詢。若希望由專人提供篩檢諮詢服務，也可至全國70家「愛滋匿名篩檢服務」醫療院所，20分鐘即可得知初步篩檢結果且無須擔心隱私，相關內容可至疾管署網站「愛滋匿名篩檢服務」網頁(https://reurl.cc/OpYZ9y)查詢。

",2022-02
2022-02-11,旅客唾液採檢區為獨立空間且皆有清消 請民眾放心,"中央流行疫情指揮中心今(11)日表示，有關今日報載民眾反映「松機吐口水採檢站，狹窄不到1坪、沒清消，引發傳染疑慮」，說明如下：
一、疾病管制署與臺北國際航空站於松山機場所設置之入境旅客唾液採檢區，為管制區內之一個獨立空間且具獨立空調，設置前已由臺北區傳染病防治專家現場指導空間配置、通風狀況及感染控制措施等事項。
二、唾液採檢區作業期間，往停機坪的大門敞開以維持通風，並依清消專家建議於每間採檢室內裝設紫外線，進行有效劑量之空間消毒，故每位旅客於採檢結束後，採檢室均立即啟動紫外線自動定時消毒以達標準消毒劑量，隨後檢疫人員再以酒精進行重點表面(桌面及牆面)之擦拭清消。
三、因應國際Omicron變異株疫情，松山機場於春節檢疫專案期間，亦經臺北市政府及臺灣護理隊感控查核小組現場查核及精進感控相關措施，以確保旅客及工作人員安全。
指揮中心表示，為避免旅客的疑慮及誤解，後續松山機場將於採檢區域張貼明顯告示說明相關感控及清消作業，請民眾安心使用。

",2022-02
2022-02-11,新增79例COVID-19確定病例，分別為18例本土及61例境外移入,"中央流行疫情指揮中心今(11)日公布國內新增79例COVID-19確定病例，分別為18例本土個案及61例境外移入(32例為航班落地採檢陽性)；另確診個案中無新增死亡。
指揮中心表示，今日新增本土個案為7例男性、11例女性，年齡介於未滿5歲至60多歲；詳如新聞稿附件。
指揮中心說明，今日新增境外移入個案為29例男性、30例女性、2例調查中，年齡介於未滿5歲至80多歲，分別自美國(11例)、菲律賓(5例)、新加坡(4例)、印度(3例)、英國(2例)、澳大利亞、加拿大、韓國、孟加拉、墨西哥、法國、越南、德國、阿拉伯聯合大公國、緬甸及巴西(各1例)移入；另25例調查中。入境日介於今(2022)年1月13日至2月10日；詳如新聞稿附件。
另今年1月30日公布之案18842、2月3日公布之案19067及2月4日公布之案19100境外移入病例，經疫調及基因定序後改判為本土病例。
指揮中心統計，截至目前國內累計5,918,661例新型冠狀病毒肺炎相關通報(含5,898,487例排除)，其中19,455例確診，分別為4,105例境外移入，15,296例本土病例，36例敦睦艦隊、3例航空器感染、1例不明及14例調查中；無新增空號病例，累計130例移除為空號。2020年起累計851例COVID-19死亡病例，其中838例本土，個案居住縣市分布為新北市413例、臺北市322例、基隆市29例、桃園市27例、彰化縣15例、新竹縣13例、臺中市5例、苗栗縣3例、宜蘭縣及花蓮縣各2例，新竹市、南投縣、雲林縣、臺南市、高雄市、屏東縣及臺東縣各1例；另13例為境外移入。
指揮中心再次呼籲，民眾應落實手部衛生、咳嗽禮節及佩戴口罩等個人防護措施，減少不必要移動、活動或集會，避免出入人多擁擠的場所，或高感染傳播風險場域，並主動積極配合各項防疫措施，共同嚴守社區防線。


",2022-02
2022-02-10,新增83例COVID-19確定病例，分別為37例本土及46例境外移入,"中央流行疫情指揮中心今(10)日公布國內新增83例COVID-19確定病例，分別為37例本土個案及46例境外移入(15例為航班落地採檢陽性)；另確診個案中無新增死亡。
指揮中心表示，今日新增本土個案為3例男性、22例女性、12例調查中，年齡介於10多歲至50多歲；詳如新聞稿附件。
指揮中心說明，今日新增境外移入個案為23例男性、23女性，年齡介於未滿5歲至70多歲，分別自美國及印度(各6例)、菲律賓(5例)、巴西(2例)、柬埔寨、越南、瑞士、法國、阿拉伯聯合大公國、中國、印尼、瑞典、新加坡、馬來西亞及西班牙(各1例)移入；另16例調查中。入境日介於今(2022)年1月25日至2月10日；詳如新聞稿附件。
指揮中心統計，截至目前國內累計5,889,595例新型冠狀病毒肺炎相關通報(含5,869,720例排除)，其中19,376例確診，分別為4,047例境外移入，15,275例本土病例，36例敦睦艦隊、3例航空器感染、1例不明及14例調查中；無新增空號病例，累計130例移除為空號。2020年起累計851例COVID-19死亡病例，其中838例本土，個案居住縣市分布為新北市413例、臺北市322例、基隆市29例、桃園市27例、彰化縣15例、新竹縣13例、臺中市5例、苗栗縣3例、宜蘭縣及花蓮縣各2例，新竹市、南投縣、雲林縣、臺南市、高雄市、屏東縣及臺東縣各1例；另13例為境外移入。
指揮中心再次呼籲，民眾應落實手部衛生、咳嗽禮節及佩戴口罩等個人防護措施，減少不必要移動、活動或集會，避免出入人多擁擠的場所，或高感染傳播風險場域，並主動積極配合各項防疫措施，共同嚴守社區防線。

",2022-02
2022-02-09,新增54例COVID-19確定病例，分別為10例本土及44例境外移入,"中央流行疫情指揮中心今(9)日公布國內新增54例COVID-19確定病例，分別為10例本土個案及44例境外移入(25例為航班落地採檢陽性)；另確診個案中無新增死亡。
指揮中心表示，今日新增本土個案為6例男性、4例女性，年齡介於未滿10歲至40多歲；詳如新聞稿附件。
指揮中心說明，今日新增境外移入個案為26例男性、18例女性，年齡介於未滿10歲至60多歲，分別自美國(5例)、奧地利及阿拉伯聯合大公國(各3例)、荷蘭(2例)、德國、越南、法國、柬埔寨、以色列、南非、澳大利亞、加拿大、西班牙、新加坡、希臘、馬來西亞及印度(各1例)移入；另18例調查中。入境日介於去(2021)年11月26日至今(2022)年2月8日；詳如新聞稿附件。
指揮中心統計，截至目前國內累計5,856,439例新型冠狀病毒肺炎相關通報(含5,836,620例排除)，其中19,293例確診，分別為4,001例境外移入，15,238例本土病例，36例敦睦艦隊、3例航空器感染、1例不明及14例調查中；累計130例移除為空號。2020年起累計851例COVID-19死亡病例，其中838例本土，個案居住縣市分布為新北市413例、臺北市322例、基隆市29例、桃園市27例、彰化縣15例、新竹縣13例、臺中市5例、苗栗縣3例、宜蘭縣及花蓮縣各2例，新竹市、南投縣、雲林縣、臺南市、高雄市、屏東縣及臺東縣各1例；另13例為境外移入。
指揮中心再次呼籲，民眾應落實手部衛生、咳嗽禮節及佩戴口罩等個人防護措施，減少不必要移動、活動或集會，避免出入人多擁擠的場所，或高感染傳播風險場域，並主動積極配合各項防疫措施，共同嚴守社區防線。

",2022-02
2022-02-08,新增48例COVID-19確定病例，分別為26例本土及22例境外移入,"中央流行疫情指揮中心今(8)日公布國內新增48例COVID-19確定病例，分別為26例本土個案及22例境外移入(9例為航班落地採檢陽性)；另確診個案中無新增死亡。
指揮中心表示，今日新增本土個案為7例男性、19例女性，年齡介於未滿5歲至50多歲；詳如新聞稿附件。
指揮中心說明，今日新增境外移入個案為12例男性、9例女性、1例調查中，年齡介於未滿5歲至50多歲，分別自印度(5例)、加拿大(3例)、菲律賓及荷蘭(各2例)、阿拉伯聯合大公國、美國及烏克蘭(各1例)移入；另7例調查中。入境日介於今(2022)年1月24日至2月7日；詳如新聞稿附件。
指揮中心統計，截至目前國內累計5,816,835例新型冠狀病毒肺炎相關通報(含5,797,056例排除)，其中19,239例確診，分別為3,957例境外移入，15,228例本土病例，36例敦睦艦隊、3例航空器感染、1例不明及14例調查中；新增1例空號病例(案19059)，累計130例移除為空號。2020年起累計851例COVID-19死亡病例，其中838例本土，個案居住縣市分布為新北市413例、臺北市322例、基隆市29例、桃園市27例、彰化縣15例、新竹縣13例、臺中市5例、苗栗縣3例、宜蘭縣及花蓮縣各2例，新竹市、南投縣、雲林縣、臺南市、高雄市、屏東縣及臺東縣各1例；另13例為境外移入。
指揮中心再次呼籲，民眾應落實手部衛生、咳嗽禮節及佩戴口罩等個人防護措施，減少不必要移動、活動或集會，避免出入人多擁擠的場所，或高感染傳播風險場域，並主動積極配合各項防疫措施，共同嚴守社區防線。


",2022-02
2022-02-07,2月8日至2月28日維持第二級疫情警戒標準，請民眾自主落實防疫措施，共同維護國內社區安全,"中央流行疫情指揮中心今(7)日表示，因應國際疫情嚴峻，國內持續新增本土個案，並出現感染源待釐清個案，且春節人群南北移動及聚集增加，需密切監測年後疫情變化，經指揮中心與相關單位溝通及評估後宣布，今(2022)年2月8日至2月28日維持疫情警戒標準為第二級，並維持相關措施及規定如下：
一、維持加嚴之戴口罩規定，除少數例外情形，外出全程佩戴口罩：
(一)運動、唱歌、拍照及直播、錄影、主持、報導、致詞、演講、講課等談話性質工作或活動之正式拍攝或進行時，維持須戴口罩。
(二)下列場合得免戴口罩，但應隨身攜帶口罩，且如本身有相關症狀或與不特定對象無法保持社交距離時，仍應戴口罩：
1. 農林漁牧工作者於空曠處(如：田間、魚塭、山林)工作。
2. 於山林(含森林遊樂區)、海濱活動。
3. 於溫/冷泉、烤箱、水療設施、三溫暖、蒸氣室、水域活動等易使口罩潮濕之場合。
(三)外出時有飲食需求，得免戴口罩。
(四)於指揮中心或主管機關指定之場所或活動(例如：藝文表演/劇組/電視主播等演出人員正式拍攝演出時、運動競賽之參賽選手及裁判於比賽期間等)，如符合指揮中心或主管機關之相關防疫措施，得暫時脫下口罩。
二、營業場所及公共場域(含交通運輸)應嚴格遵守：實聯制、量體溫、加強環境淸消、員工健康管理、確診事件即時應變。
三、高鐵、臺鐵、公路客運、船舶(固定餐飲區除外)、國內航班：於運具內（車廂、船舶、航空器）禁止飲食。
四、賣場、超市、市場加強人流管制：室內空間至少1.5米/人(2.25平方米/人)，室外空間至少1米/人(1平方米/人)；不開放試吃。
五、宗教場所、宗教集會活動：依內政部規定之防疫措施辦理。
六、餐飮場所：嚴格落實實聯制、量體溫、提供洗手設備及消毒用品；宴席不得逐桌敬酒敬茶；違反者依法裁處並限期改善，未完成改善者，不得提供內用服務。
指揮中心呼籲，防疫工作人人有責，請民眾自主落實防疫措施，維持個人衛生好習慣，戴口罩、勤洗手、保持社交距離；出入公共場域落實實聯制、體溫量測等，降低病毒傳播風險，保護自己也保護他人，共同維護國內社區安全。

",2022-02
2022-02-07,新增49例COVID-19確定病例，分別為2例本土及47例境外移入,"中央流行疫情指揮中心今(7)日公布國內新增49例COVID-19確定病例，分別為2例本土個案及47例境外移入(28例為航班落地採檢陽性)；另確診個案中無新增死亡。
指揮中心表示，今日新增本土個案為1例男性、1例女性，年齡介於未滿10歲至20多歲；詳如新聞稿附件。
指揮中心說明，今日新增境外移入個案為28例男性、19例女性，年齡介於未滿10歲至70多歲，分別自美國(18例)、馬來西亞(2例)、菲律賓、越南、南非、荷蘭及盧森堡(各1例)移入；另22例調查中。入境日介於去(2021)年11月24日至今(2022)年2月6日；詳如新聞稿附件。
另今年1月29日公布之案18761、案18786，以及2月3日公布之案19042境外移入病例，經疫調及基因定序後改判為本土病例，其中案18761、案18786為案18498-18500之相關感染，案19042為案19186之相關感染。
指揮中心統計，截至目前國內累計5,775,939例新型冠狀病毒肺炎相關通報(含5,756,095例排除)，其中19,192例確診，分別為3,936例境外移入，15,202例本土病例，36例敦睦艦隊、3例航空器感染、1例不明及14例調查中；新增1例空號病例(案18792，再次採檢為陰性，改判排除)，累計129例移除為空號。2020年起累計851例COVID-19死亡病例，其中838例本土，個案居住縣市分布為新北市413例、臺北市322例、基隆市29例、桃園市27例、彰化縣15例、新竹縣13例、臺中市5例、苗栗縣3例、宜蘭縣及花蓮縣各2例，新竹市、南投縣、雲林縣、臺南市、高雄市、屏東縣及臺東縣各1例；另13例為境外移入。
指揮中心再次呼籲，民眾應落實手部衛生、咳嗽禮節及佩戴口罩等個人防護措施，減少不必要移動、活動或集會，避免出入人多擁擠的場所，或高感染傳播風險場域，並主動積極配合各項防疫措施，共同嚴守社區防線。


",2022-02
2022-02-07,COVID-19公費疫苗平臺第22期自2月9日起，開放已完整接種兩劑COVID-19疫苗滿12週且滿18歲以上民眾預約接種疫苗追加劑,"中央流行疫情指揮中心今( 7 )日表示，因應國內本土疫情，目前已提供民眾於各地方政府衛生局安排/指定之合約醫療院所預約接種，或至隨到隨打接種站進行接種。
指揮中心指出，為提供民眾多元疫苗預約管道選擇，以加速提升民眾免疫保護力，COVID-19公費疫苗預約平臺（https://1922.gov.tw/，以下簡稱預約平臺）持續於第22期提供「已完整接種兩劑COVID-19疫苗滿12週且滿18歲以上」民眾，預約接種疫苗追加劑。另請已於各地方政府衛生局安排/指定之合約醫療院所完成預約之民眾，仍依原已預約時段前往接種，無需再於預約平臺重複預約。
預約平臺相關對象及期程說明如下：
一、施打時程：自2022年2月14日至2月20日。
二、符合資格對象：2021年11月28日前已完整接種兩劑疫苗且間隔滿12週之18歲以上民眾[即2004/2/20(含)前出生]預約接種疫苗追加劑。
三、預約分流時程：
(一)65歲以上：2月9日上午10時至2月11日中午12時。
(二)50歲-64歲：2月9日中午12時至2月11日中午12時。
(三)18歲-49歲：2月9日下午2時至2月11日中午12時。
指揮中心說明，民眾可於2月8日下午2時起於預約平臺進行預約資格查詢，不再另外發送預約提醒簡訊，符合資格民眾請記得於預約時間進行預約，預約當日如遇啟動流量管制，亦請配合依序排隊耐心等候預約。
指揮中心指出，預約平臺第22期僅提供民眾預約接種疫苗追加劑，民眾若有第一、二劑或基礎加強劑接種需求，請持接種紀錄(小黃卡)至各地方政府指定/安排合約醫療院所或衛生所預約，或至提供隨到隨打服務之接種站接種。
指揮中心強調，前述醫療院所資訊，可至疾管署全球資訊網( https://www.cdc.gov.tw/) COVID-19疫苗接種院所項下，利用「COVID-19疫苗接種院所」或「COVID-19疫苗接種院所地圖」，依各地方政府衛生局提供資訊連結預約接種。
指揮中心提醒，民眾前往接種COVID-19疫苗前，應備妥「COVID-19疫苗接種紀錄卡」及健保卡，並經醫生評估過往疫苗接種史及檢核接種紀錄後，提供民眾疫苗接種。另18歲至未滿20歲民眾，如自行前往接種，請持家長簽具之意願同意書，若由家長陪同前往接種，請本人與家長於現場共同簽署意願同意書。

",2022-02
2022-02-07,自2月15日起，啟動第二階段移工專案引進,"中央流行疫情指揮中心今(7)日表示，為兼顧國內防疫安全及產業與家庭用人需求，自今(2022)年2月15日起，啟動第二階段移工專案引進。移工來臺前，必須在來源國已完整接種疫苗；來臺後，開放雇主安排移工至防疫旅館進行居家檢疫及自主健康管理，並確實遵照相關防疫指引規定辦理。
指揮中心說明，第一階段移工專案引進已將屆滿，在落實國內外相關防疫措施之前提下，評估移工引進不至影響社區防疫安全，且經確認移工來源國均已配合相關防疫措施，自今年2月15日起，取消第一階段積分制引進方式，接續啟動第二階段移工專案引進，雇主得自印尼、越南、菲律賓及泰國等來源國引進移工，相關說明如下：
一、移工入境前，應已完整接種疫苗，並上傳接種證明至勞動部入出國移工機場關懷服務網(https://fwas.wda.gov.tw/)，且經查核同意。
二、雇主應安排移工至防疫旅館進行檢疫，並事前向防疫旅館所在直轄市或縣（市）政府備查。移工完成14天檢疫後，應於同一防疫旅館銜接7天自主健康管理，始得前往工作地點。
三、指揮中心統籌調度集中檢疫床位，若有釋出可供入境移工使用時，勞動部得適時開放雇主提出申請，並依照移工取得入境簽證日期排序，依序入境。
四、如因產業特殊需求，經各中央目的事業主管機關報指揮中心同意後，得規劃移工防疫宿舍，並統籌防疫宿舍管理責任。
五、其他防疫措施，均比照第一階段實施，包括來源國應減少海外訓練所人數、移工入境前應完成PCR檢測及一人一室隔離，以及購妥確診醫療保險，入境後立即 PCR採檢，檢疫結束再次PCR採檢，後續銜接自主健康管理並依規定再做一次快篩。
指揮中心再次強調，邊境檢疫為防範COVID-19疫情之重要關鍵，雇主應善盡照顧管理責任，應確實遵照勞動部「因應嚴重特殊傳染性肺炎雇主聘僱移工指引：移工工作、生活及外出管理注意事項」及其他相關指引等規定，雇主如未依規定辦理，將以違反「就業服務法」規定論處罰鍰或廢止聘僱許可。

",2022-02
2022-02-07,春節檢疫專案實施期間延長至2022年2月28日，入境人員務必配合相關檢疫措施,"中央流行疫情指揮中心今(7)日表示，春節檢疫專案自去(2021)年12月14日起實施以來，提供旅外國人依其所具備之條件有不同檢疫方案的選擇，以符合不同情況民眾之檢疫需求；經評估各國檢疫策略及該專案整體執行情形，宣布延長實施期間至2022年2月28日(航班表定抵臺時間計算)止，相關措施均維持專案規定。
指揮中心說明，春節檢疫專案內容包含14+0+7、10+4+7及7+7+7共3項方案，相關規定可至衛生福利部疾病管制署全球資訊網首頁/ COVID-19防疫專區/特殊專案/春節檢疫措施專案項下查閱。
指揮中心提醒，民眾於返臺前務請事先瞭解並確認適用之方案再擇定，且方案擇定後不可變更，入境後請配合各方案所訂檢疫規定，避免違反規定而受裁罰。
指揮中心呼籲，檢疫期間應留在檢疫場所，禁止外出，亦不得出境或出國，確實遵守「防範嚴重特殊傳染性肺炎入境健康聲明暨居家檢疫通知書(春節檢疫專案)」所載規定；選擇C方案之檢疫者，返家後7天如採1人1室之檢疫條件，其同戶內同住者(非居家檢疫者)應共同遵守加強暨自主健康管理相關規定及檢測措施，以維護自身及家人健康，共同守護社區防疫安全。

",2022-02
2022-02-06,新增43例COVID-19確定病例，分別為14例本土及29例境外移入,"中央流行疫情指揮中心今(6)日公布國內新增43例COVID-19確定病例，分別為14例本土個案及29例境外移入(12例為航班落地採檢陽性)；另確診個案中無新增死亡。
指揮中心表示，今日新增本土個案為2例男性、12例女性，年齡介於10多歲至70多歲；詳如新聞稿附件。
指揮中心說明，今日新增境外移入個案為19例男性、10例女性，年齡介於未滿10歲至60多歲，分別自美國(8例)、加拿大(4例)、泰國、韓國、南非、奧地利、菲律賓、波蘭、澳大利亞、新加坡、墨西哥及多明尼加(各1例)移入；另7例調查中。入境日介於今(2022)年1月20日至2月5日；詳如新聞稿附件。
指揮中心統計，截至目前國內累計5,756,263例新型冠狀病毒肺炎相關通報(含5,736,634例排除)，其中19,144例確診，分別為3,893例境外移入，15,197例本土病例，36例敦睦艦隊、3例航空器感染、1例不明及14例調查中；無新增空號病例，累計128例移除為空號。2020年起累計851例COVID-19死亡病例，其中838例本土，個案居住縣市分布為新北市413例、臺北市322例、基隆市29例、桃園市27例、彰化縣15例、新竹縣13例、臺中市5例、苗栗縣3例、宜蘭縣及花蓮縣各2例，新竹市、南投縣、雲林縣、臺南市、高雄市、屏東縣及臺東縣各1例；另13例為境外移入。
指揮中心再次呼籲，民眾應落實手部衛生、咳嗽禮節及佩戴口罩等個人防護措施，減少不必要移動、活動或集會，避免出入人多擁擠的場所，或高感染傳播風險場域，並主動積極配合各項防疫措施，共同嚴守社區防線。


",2022-02
2022-02-05,新增72例COVID-19確定病例，分別為40例本土及32例境外移入,"中央流行疫情指揮中心今(5)日公布國內新增72例COVID-19確定病例，分別為40例本土個案及32例境外移入(13例為航班落地採檢陽性)；另確診個案中無新增死亡。
指揮中心表示，今日新增本土個案為9例男性、31例女性，年齡介於未滿5歲至80多歲；詳如新聞稿附件。
指揮中心說明，今日新增境外移入個案為19例男性、13例女性，年齡介於10多歲至60多歲，分別自美國(8例)、日本及菲律賓(各3例)、瑞士、法國、阿拉伯聯合大公國、德國、加拿大及印度(各1例)移入；另12例調查中。入境日介於今(2022)年1月20日至2月4日；詳如新聞稿附件。
指揮中心統計，截至目前國內累計5,736,511例新型冠狀病毒肺炎相關通報(含5,717,196例排除)，其中19,101例確診，分別為3,864例境外移入，15,183例本土病例，36例敦睦艦隊、3例航空器感染、1例不明及14例調查中；無新增空號病例，累計128例移除為空號。2020年起累計851例COVID-19死亡病例，其中838例本土，個案居住縣市分布為新北市413例、臺北市322例、基隆市29例、桃園市27例、彰化縣15例、新竹縣13例、臺中市5例、苗栗縣3例、宜蘭縣及花蓮縣各2例，新竹市、南投縣、雲林縣、臺南市、高雄市、屏東縣及臺東縣各1例；另13例為境外移入。
指揮中心再次呼籲，民眾應落實手部衛生、咳嗽禮節及佩戴口罩等個人防護措施，減少不必要移動、活動或集會，避免出入人多擁擠的場所，或高感染傳播風險場域，並主動積極配合各項防疫措施，共同嚴守社區防線。


",2022-02
2022-02-04,新增71例COVID-19確定病例，分別為25例本土及46例境外移入,"中央流行疫情指揮中心今(4)日公布國內新增71例COVID-19確定病例，分別為25例本土個案及46例境外移入(23例為航班落地採檢陽性)；另確診個案中無新增死亡。
指揮中心表示，今日新增本土個案為14例男性、11例女性，年齡介於未滿5歲至70多歲；詳如新聞稿附件。
指揮中心說明，今日新增境外移入個案為26例男性、20例女性，年齡介於未滿10歲至70多歲，分別自美國(7例)、菲律賓及澳大利亞(各3例)、荷蘭、印度、秘魯、越南及泰國(各2例)、日本、奈及利亞、加拿大、以色列、香港及中國(各1例)移入；另17例調查中。入境日介於今(2022)年1月15日至2月4日；詳如新聞稿附件。
指揮中心統計，截至目前國內累計5,719,429例新型冠狀病毒肺炎相關通報(含5,699,979例排除)，其中19,029例確診，分別為3,832例境外移入，15,143例本土病例，36例敦睦艦隊、3例航空器感染、1例不明及14例調查中；無新增空號病例，累計128例移除為空號。2020年起累計851例COVID-19死亡病例，其中838例本土，個案居住縣市分布為新北市413例、臺北市322例、基隆市29例、桃園市27例、彰化縣15例、新竹縣13例、臺中市5例、苗栗縣3例、宜蘭縣及花蓮縣各2例，新竹市、南投縣、雲林縣、臺南市、高雄市、屏東縣及臺東縣各1例；另13例為境外移入。
指揮中心再次呼籲，民眾應落實手部衛生、咳嗽禮節及佩戴口罩等個人防護措施，減少不必要移動、活動或集會，避免出入人多擁擠的場所，或高感染傳播風險場域，並主動積極配合各項防疫措施，共同嚴守社區防線。

",2022-02
2022-02-03,新增56例COVID-19確定病例，分別為22例本土及34例境外移入,"中央流行疫情指揮中心今(3)日公布國內新增56例COVID-19確定病例，分別為22例本土個案及34例境外移入(10例為航班落地採檢陽性)；另確診個案中無新增死亡。
指揮中心表示，今日新增本土個案為11例男性、11例女性，年齡介於未滿10歲至70多歲；詳如新聞稿附件。
指揮中心說明，今日新增境外移入個案為14例男性、19例女性、1例調查中，年齡介於20多歲至60多歲，分別自美國(10例)、中國、英國、菲律賓、日本及澳大利亞(各2例)、泰國、土耳其、德國、西班牙及瑞典(各1例)移入；另9例調查中。入境日介於今(2022)年1月15日至2月2日；詳如新聞稿附件。
指揮中心統計，截至目前國內累計5,706,264例新型冠狀病毒肺炎相關通報(含5,687,120例排除)，其中18,958例確診，分別為3,786例境外移入，15,118例本土病例，36例敦睦艦隊、3例航空器感染、1例不明及14例調查中；新增1例空號病例 (案18758本土個案，後續採檢為陰性，改判排除)，累計128例移除為空號。2020年起累計851例COVID-19死亡病例，其中838例本土，個案居住縣市分布為新北市413例、臺北市322例、基隆市29例、桃園市27例、彰化縣15例、新竹縣13例、臺中市5例、苗栗縣3例、宜蘭縣及花蓮縣各2例，新竹市、南投縣、雲林縣、臺南市、高雄市、屏東縣及臺東縣各1例；另13例為境外移入。
指揮中心再次呼籲，民眾應落實手部衛生、咳嗽禮節及佩戴口罩等個人防護措施，減少不必要移動、活動或集會，避免出入人多擁擠的場所，或高感染傳播風險場域，並主動積極配合各項防疫措施，共同嚴守社區防線。

",2022-02
2022-02-02,新增53例COVID-19確定病例，分別為16例本土及37例境外移入,"中央流行疫情指揮中心今(2)日公布國內新增53例COVID-19確定病例，分別為16例本土個案及37例境外移入(25例為航班落地採檢陽性)；另確診個案中無新增死亡。
指揮中心表示，今日新增本土個案為6例男性、10例女性，年齡介於未滿10歲至80多歲；詳如新聞稿附件。
指揮中心說明，今日新增境外移入個案為21例男性、15例女性、1例調查中，年齡介於10多歲至80多歲，分別自美國(6例)、法國及新加坡(各2例)、加拿大、宏都拉斯、馬來西亞、阿拉伯聯合大公國、柬埔寨、日本及克羅埃西亞(各1例)移入；另20例調查中。入境日介於今(2022)年1月18日至2月1日；詳如新聞稿附件。
指揮中心統計，截至目前國內累計5,694,746例新型冠狀病毒肺炎相關通報(含5,675,621例排除)，其中18,903例確診，分別為3,752例境外移入，15,097例本土病例，36例敦睦艦隊、3例航空器感染、1例不明及14例調查中；另累計127例移除為空號。2020年起累計851例COVID-19死亡病例，其中838例本土，個案居住縣市分布為新北市413例、臺北市322例、基隆市29例、桃園市27例、彰化縣15例、新竹縣13例、臺中市5例、苗栗縣3例、宜蘭縣及花蓮縣各2例，新竹市、南投縣、雲林縣、臺南市、高雄市、屏東縣及臺東縣各1例；另13例為境外移入。
指揮中心再次呼籲，民眾應落實手部衛生、咳嗽禮節及佩戴口罩等個人防護措施，減少不必要移動、活動或集會，避免出入人多擁擠的場所，或高感染傳播風險場域，並主動積極配合各項防疫措施，共同嚴守社區防線。

",2022-02
2022-02-02,新春佳節務必留意手部衛生與飲食安全，健康過好年,"疾病管制署表示，依據疫情監測資料顯示，往年春節期間國內急性腹瀉就診人數較平日增加，籲請民眾春節假期務必留意手部衛生與飲食安全，如有嘔吐、腹瀉等腸胃不適症狀應儘速就醫；餐飲及旅宿業者務必加強環境及員工衛生管理，確保員工及民眾健康。
依據疾管署監測資料顯示，今(2022)年第3週(1月16日至1月22日)急診急性腹瀉就診人次達3,703，較2019至2021年同期為低（分別為 4,294、6,481、4,683）；往年春節連假期間急診腹瀉就診人次為平時1.5至3倍；國內近4週共計28起腹瀉陽性群聚，檢出病原以諾羅病毒為主(25起)，提醒民眾注意防範。
疾管署指出，病毒性腸胃炎傳染力極強，主要透過糞口傳染，常見症狀為腹瀉、嘔吐，並可能伴隨頭痛、胃痛、噁心、肌肉酸痛等。有效的預防方法為如廁後、進食或準備食物前落實勤洗手、做好個人衛生防護。
腸胃炎主要症狀有水瀉和嘔吐，也可能有發燒、胃痛、噁心等症狀，通常症狀會持續1至10天。患者年齡、個人健康狀況、感染的致病菌，以及吃了多少被污染的食物量等因素，均會影響症狀及其嚴重程度，抵抗力特別弱的人症狀會比較嚴重。
疾管署提醒，民眾務必落實勤洗手，注意飲食衛生，與他人共食使用公筷母匙，並以熟食為主，避免食用未充分加熱的蛋、肉類或生食貝類水產品（如生蠔）等高風險食物；有疑似症狀者應避免參與年菜的調理，以減少病毒傳播機會，並應儘速就醫。
此外，籲請旅宿及餐飲業者務必落實廚房及廁所等環境的消毒與清潔，並留意工作人員(尤其為廚工)衛生及健康情形，如有不適症狀請暫停工作，並於症狀解除至少48小時後才可復工。


",2022-02
2022-02-01,新增60例COVID-19確定病例，分別為16例本土及44例境外移入,"中央流行疫情指揮中心今(1)日公布國內新增60例COVID-19確定病例，分別為16例本土個案及44例境外移入(7例為航班落地採檢陽性)；另確診個案中無新增死亡。
指揮中心表示，今日新增本土個案為7例男性、9例女性，年齡介於未滿5歲至60多歲；詳如新聞稿附件。
指揮中心說明，今日新增境外移入個案為33例男性、11例女性，年齡介於未滿5歲至50多歲，分別自馬來西亞(20例)、美國(6例)、英國(3例)、日本(2例)、波蘭、菲律賓、越南、巴西、印度、巴拿馬、瑞典及法國(各1例)移入；另5例調查中。入境日介於今(2022)年1月17日至1月31日；詳如新聞稿附件。
指揮中心統計，截至目前國內累計5,684,887例新型冠狀病毒肺炎相關通報(含5,665,865例排除)，其中18,850例確診，分別為3,715例境外移入，15,081例本土病例，36例敦睦艦隊、3例航空器感染、1例不明及14例調查中；另累計127例移除為空號。2020年起累計851例COVID-19死亡病例，其中838例本土，個案居住縣市分布為新北市413例、臺北市322例、基隆市29例、桃園市27例、彰化縣15例、新竹縣13例、臺中市5例、苗栗縣3例、宜蘭縣及花蓮縣各2例，新竹市、南投縣、雲林縣、臺南市、高雄市、屏東縣及臺東縣各1例；另13例為境外移入。
指揮中心再次呼籲，民眾應落實手部衛生、咳嗽禮節及佩戴口罩等個人防護措施，減少不必要移動、活動或集會，避免出入人多擁擠的場所，或高感染傳播風險場域，並主動積極配合各項防疫措施，共同嚴守社區防線。

",2022-02
